<ImportExportXml version="9.2.23102.222" SolutionPackageVersion="9.2" languagecode="1033" generatedBy="CrmLive" xmlns:xsi="http://www.w3.org/2001/XMLSchema-instance">
  <SolutionManifest>
    <UniqueName>BusinessScenario4</UniqueName>
    <LocalizedNames>
      <LocalizedName description="Business Scenario 4" languagecode="1033" />
    </LocalizedNames>
    <Descriptions />
    <Version>1.0.0.1</Version>
    <Managed>0</Managed>
    <Publisher>
      <UniqueName>DefaultPublisherorg6075e347</UniqueName>
      <LocalizedNames>
        <LocalizedName description="Default Publisher for org6075e347" languagecode="1033" />
      </LocalizedNames>
      <Descriptions>
        <Description description="Default publisher for this organization" languagecode="1033" />
      </Descriptions>
      <EMailAddress xsi:nil="true"></EMailAddress>
      <SupportingWebsiteUrl xsi:nil="true"></SupportingWebsiteUrl>
      <CustomizationPrefix>new</CustomizationPrefix>
      <CustomizationOptionValuePrefix>10000</CustomizationOptionValuePrefix>
      <Addresses>
        <Address>
          <AddressNumber>1</AddressNumber>
          <AddressTypeCode xsi:nil="true"></AddressTypeCode>
          <City xsi:nil="true"></City>
          <County xsi:nil="true"></County>
          <Country xsi:nil="true"></Country>
          <Fax xsi:nil="true"></Fax>
          <FreightTermsCode xsi:nil="true"></FreightTermsCode>
          <ImportSequenceNumber xsi:nil="true"></ImportSequenceNumber>
          <Latitude xsi:nil="true"></Latitude>
          <Line1 xsi:nil="true"></Line1>
          <Line2 xsi:nil="true"></Line2>
          <Line3 xsi:nil="true"></Line3>
          <Longitude xsi:nil="true"></Longitude>
          <Name xsi:nil="true"></Name>
          <PostalCode xsi:nil="true"></PostalCode>
          <PostOfficeBox xsi:nil="true"></PostOfficeBox>
          <PrimaryContactName xsi:nil="true"></PrimaryContactName>
          <ShippingMethodCode xsi:nil="true"></ShippingMethodCode>
          <StateOrProvince xsi:nil="true"></StateOrProvince>
          <Telephone1 xsi:nil="true"></Telephone1>
          <Telephone2 xsi:nil="true"></Telephone2>
          <Telephone3 xsi:nil="true"></Telephone3>
          <TimeZoneRuleVersionNumber xsi:nil="true"></TimeZoneRuleVersionNumber>
          <UPSZone xsi:nil="true"></UPSZone>
          <UTCOffset xsi:nil="true"></UTCOffset>
          <UTCConversionTimeZoneCode xsi:nil="true"></UTCConversionTimeZoneCode>
        </Address>
        <Address>
          <AddressNumber>2</AddressNumber>
          <AddressTypeCode xsi:nil="true"></AddressTypeCode>
          <City xsi:nil="true"></City>
          <County xsi:nil="true"></County>
          <Country xsi:nil="true"></Country>
          <Fax xsi:nil="true"></Fax>
          <FreightTermsCode xsi:nil="true"></FreightTermsCode>
          <ImportSequenceNumber xsi:nil="true"></ImportSequenceNumber>
          <Latitude xsi:nil="true"></Latitude>
          <Line1 xsi:nil="true"></Line1>
          <Line2 xsi:nil="true"></Line2>
          <Line3 xsi:nil="true"></Line3>
          <Longitude xsi:nil="true"></Longitude>
          <Name xsi:nil="true"></Name>
          <PostalCode xsi:nil="true"></PostalCode>
          <PostOfficeBox xsi:nil="true"></PostOfficeBox>
          <PrimaryContactName xsi:nil="true"></PrimaryContactName>
          <ShippingMethodCode xsi:nil="true"></ShippingMethodCode>
          <StateOrProvince xsi:nil="true"></StateOrProvince>
          <Telephone1 xsi:nil="true"></Telephone1>
          <Telephone2 xsi:nil="true"></Telephone2>
          <Telephone3 xsi:nil="true"></Telephone3>
          <TimeZoneRuleVersionNumber xsi:nil="true"></TimeZoneRuleVersionNumber>
          <UPSZone xsi:nil="true"></UPSZone>
          <UTCOffset xsi:nil="true"></UTCOffset>
          <UTCConversionTimeZoneCode xsi:nil="true"></UTCConversionTimeZoneCode>
        </Address>
      </Addresses>
    </Publisher>
    <RootComponents>
      <RootComponent type="1" schemaName="lead" behavior="0" />
      <RootComponent type="1" schemaName="task" behavior="0" />
      <RootComponent type="29" id="{a5706508-c47d-ee11-8178-002248816117}" behavior="0" />
      <RootComponent type="60" id="{9a14ebb4-143e-e711-80e1-00155d871bb4}" />
      <RootComponent type="62" schemaName="new_BusinessScenario4" behavior="0" />
      <RootComponent type="80" schemaName="new_BusinessScenario4" behavior="0" />
    </RootComponents>
    <MissingDependencies>
      <MissingDependency>
        <Required type="1" schemaName="competitor" displayName="Competitor" solution="msdynce_Sales (9.0.4.0076)" />
        <Dependent type="60" displayName="Lead" parentDisplayName="Lead" id="{e3b6ddb7-8df0-4410-ac7b-fd32e5053d38}" />
      </MissingDependency>
      <MissingDependency>
        <Required type="1" schemaName="lead" displayName="Lead" solution="msdynce_LeadManagement (9.0.4.0066)" />
        <Dependent type="1" schemaName="lead" displayName="Lead" />
      </MissingDependency>
      <MissingDependency>
        <Required type="1" schemaName="msdyn_conversationactionitem" displayName="Conversation Action Item" solution="msdyn_Conversation_Intelligence (9.0.1.1094)">
          <package>msdyn_SalesConversationIntelligenceAnchor (9.0.1.1094)</package>
        </Required>
        <Dependent type="1" schemaName="task" displayName="Task" />
      </MissingDependency>
      <MissingDependency>
        <Required type="1" schemaName="msdyn_dailyleadkpiitem" displayName="Daily kpis for lead" solution="RelationshipAnalytics (9.0.3.3140)" />
        <Dependent type="1" schemaName="lead" displayName="Lead" />
      </MissingDependency>
      <MissingDependency>
        <Required type="1" schemaName="msdyn_duplicatedetectionpluginrun" displayName="Duplicate Detection Plugin Run" solution="msdyn_leadhygiene (9.1.2309.3001)" />
        <Dependent type="1" schemaName="lead" displayName="Lead" />
      </MissingDependency>
      <MissingDependency>
        <Required type="1" schemaName="msdyn_duplicateleadmapping" displayName="Duplicate Lead Mapping" solution="msdyn_leadhygiene (9.1.2309.3001)" />
        <Dependent type="1" schemaName="lead" displayName="Lead" />
      </MissingDependency>
      <MissingDependency>
        <Required type="1" schemaName="msdyn_leadkpiitem" displayName="Lead KPI Item" solution="RelationshipAnalytics (9.0.3.3140)" />
        <Dependent type="1" schemaName="lead" displayName="Lead" />
      </MissingDependency>
      <MissingDependency>
        <Required type="1" schemaName="msdyn_leadkpiitem" displayName="Lead KPI Item" solution="RelationshipAnalytics (9.0.3.3140)" />
        <Dependent type="10" schemaName="msdyn_msdyn_leadkpiitem_lead_leadkpiid" displayName="msdyn_msdyn_leadkpiitem_lead_leadkpiid" parentSchemaName="msdyn_leadkpiitem" parentDisplayName="Lead KPI Item" />
      </MissingDependency>
      <MissingDependency>
        <Required type="1" schemaName="msdyn_linkedentityattributevalidity" displayName="Linked Entity Attribute Validity" solution="msdyn_leadhygiene (9.1.2309.3001)" />
        <Dependent type="1" schemaName="lead" displayName="Lead" />
      </MissingDependency>
      <MissingDependency>
        <Required type="1" schemaName="msdyn_mostcontacted" displayName="Most Contacted" solution="RelationshipAnalytics (9.0.3.3140)" />
        <Dependent type="1" schemaName="lead" displayName="Lead" />
      </MissingDependency>
      <MissingDependency>
        <Required type="1" schemaName="msdyn_mostcontactedby" displayName="Most Contacted By" solution="RelationshipAnalytics (9.0.3.3140)" />
        <Dependent type="1" schemaName="lead" displayName="Lead" />
      </MissingDependency>
      <MissingDependency>
        <Required type="1" schemaName="msdyn_ocliveworkitem" displayName="Conversation" solution="OmnichannelBase (1.10.0.33)" />
        <Dependent type="1" schemaName="task" displayName="Task" />
      </MissingDependency>
      <MissingDependency>
        <Required type="1" schemaName="msdyn_sabackupdiagnostic" displayName="sabackupdiagnostic" solution="msdyn_segment (9.1.2309.3001)" />
        <Dependent type="1" schemaName="lead" displayName="Lead" />
      </MissingDependency>
      <MissingDependency>
        <Required type="1" schemaName="msdyn_salescopilotinsight" displayName="Sales Copilot Insight" solution="msdyn_SalesCopilot (9.1.23093.10008)" />
        <Dependent type="1" schemaName="lead" displayName="Lead" />
      </MissingDependency>
      <MissingDependency>
        <Required type="1" schemaName="msdyn_salescopilotinsight" displayName="Sales Copilot Insight" solution="msdyn_SalesCopilot (9.1.23093.10008)" />
        <Dependent type="1" schemaName="task" displayName="Task" />
      </MissingDependency>
      <MissingDependency>
        <Required type="1" schemaName="msdyn_salespremiumdemo" displayName="Sales Premium Demo" solution="msdyn_SalesPremiumSampleData (9.0.1.1275)" />
        <Dependent type="1" schemaName="lead" displayName="Lead" />
      </MissingDependency>
      <MissingDependency>
        <Required type="1" schemaName="msdyn_salesroutingdiagnostic" displayName="salesroutingdiagnostic" solution="msdyn_segment (9.1.2309.3001)" />
        <Dependent type="1" schemaName="lead" displayName="Lead" />
      </MissingDependency>
      <MissingDependency>
        <Required type="1" schemaName="msdyn_salesroutingrun" displayName="Sales routing run" solution="msdyn_SalesRouting (9.1.2309.3001)" />
        <Dependent type="1" schemaName="lead" displayName="Lead" />
      </MissingDependency>
      <MissingDependency>
        <Required type="1" schemaName="msdyn_segment" displayName="Segment" solution="msdyn_segment (9.1.2309.3001)" />
        <Dependent type="10" schemaName="msdyn_msdyn_segment_lead" displayName="msdyn_msdyn_segment_lead" parentSchemaName="msdyn_segment" parentDisplayName="Segment" />
      </MissingDependency>
      <MissingDependency>
        <Required type="1" schemaName="msdyn_sequencetarget" displayName="Sequence Target" solution="msdyn_Sequence (9.1.2309.3002)" />
        <Dependent type="1" schemaName="lead" displayName="Lead" />
      </MissingDependency>
      <MissingDependency>
        <Required type="1" schemaName="msdyn_taggedrecord" displayName="Tagged Record" solution="msdyn_VivaSalesCore (9.5.23193.5)" />
        <Dependent type="1" schemaName="lead" displayName="Lead" />
      </MissingDependency>
      <MissingDependency>
        <Required type="1" schemaName="msdyn_timespent" displayName="Time spent in BPF" solution="msdyn_PredictiveScoringCommon (9.0.23083.10001)" />
        <Dependent type="1" schemaName="lead" displayName="Lead" />
      </MissingDependency>
      <MissingDependency>
        <Required type="10" schemaName="msdyn_msdyn_leadkpiitem_lead_leadkpiid" displayName="msdyn_msdyn_leadkpiitem_lead_leadkpiid" parentSchemaName="msdyn_leadkpiitem" parentDisplayName="Lead KPI Item" solution="RelationshipAnalytics (9.0.3.3140)" />
        <Dependent type="10" schemaName="msdyn_msdyn_leadkpiitem_lead_leadkpiid" displayName="msdyn_msdyn_leadkpiitem_lead_leadkpiid" parentSchemaName="msdyn_leadkpiitem" parentDisplayName="Lead KPI Item" />
      </MissingDependency>
      <MissingDependency>
        <Required type="10" schemaName="msdyn_msdyn_predictivescore_lead" displayName="msdyn_msdyn_predictivescore_lead" parentSchemaName="msdyn_predictivescore" parentDisplayName="Predictive Score" solution="msdyn_PredictiveScoringCommon (9.0.23083.10001)" />
        <Dependent type="10" schemaName="msdyn_msdyn_predictivescore_lead" displayName="msdyn_msdyn_predictivescore_lead" parentSchemaName="msdyn_predictivescore" parentDisplayName="Predictive Score" />
      </MissingDependency>
      <MissingDependency>
        <Required type="10" schemaName="msdyn_msdyn_segment_lead" displayName="msdyn_msdyn_segment_lead" parentSchemaName="msdyn_segment" parentDisplayName="Segment" solution="msdyn_segment (9.1.2309.3001)" />
        <Dependent type="10" schemaName="msdyn_msdyn_segment_lead" displayName="msdyn_msdyn_segment_lead" parentSchemaName="msdyn_segment" parentDisplayName="Segment" />
      </MissingDependency>
      <MissingDependency>
        <Required type="2" schemaName="address1_city" displayName="City" parentSchemaName="lead" parentDisplayName="Lead" solution="msdynce_LeadManagement (9.0.4.0066)" />
        <Dependent type="60" displayName="Information" parentDisplayName="Lead" id="{9886ead0-4fcc-4747-9a18-08e7a9a6de71}" />
      </MissingDependency>
      <MissingDependency>
        <Required type="2" schemaName="address1_city" displayName="City" parentSchemaName="lead" parentDisplayName="Lead" solution="msdynce_LeadManagement (9.0.4.0066)" />
        <Dependent type="60" displayName="Lead" parentDisplayName="Lead" id="{e3b6ddb7-8df0-4410-ac7b-fd32e5053d38}" />
      </MissingDependency>
      <MissingDependency>
        <Required type="2" schemaName="address1_composite" displayName="Address 1" parentSchemaName="lead" parentDisplayName="Lead" solution="msdynce_LeadManagement (9.0.4.0066)" />
        <Dependent type="60" displayName="Lead" parentDisplayName="Lead" id="{e3b6ddb7-8df0-4410-ac7b-fd32e5053d38}" />
      </MissingDependency>
      <MissingDependency>
        <Required type="2" schemaName="address1_country" displayName="Country/Region" parentSchemaName="lead" parentDisplayName="Lead" solution="msdynce_LeadManagement (9.0.4.0066)" />
        <Dependent type="60" displayName="Information" parentDisplayName="Lead" id="{9886ead0-4fcc-4747-9a18-08e7a9a6de71}" />
      </MissingDependency>
      <MissingDependency>
        <Required type="2" schemaName="address1_country" displayName="Country/Region" parentSchemaName="lead" parentDisplayName="Lead" solution="msdynce_LeadManagement (9.0.4.0066)" />
        <Dependent type="60" displayName="Lead" parentDisplayName="Lead" id="{e3b6ddb7-8df0-4410-ac7b-fd32e5053d38}" />
      </MissingDependency>
      <MissingDependency>
        <Required type="2" schemaName="address1_line1" displayName="Street 1" parentSchemaName="lead" parentDisplayName="Lead" solution="msdynce_LeadManagement (9.0.4.0066)" />
        <Dependent type="60" displayName="Information" parentDisplayName="Lead" id="{9886ead0-4fcc-4747-9a18-08e7a9a6de71}" />
      </MissingDependency>
      <MissingDependency>
        <Required type="2" schemaName="address1_line1" displayName="Street 1" parentSchemaName="lead" parentDisplayName="Lead" solution="msdynce_LeadManagement (9.0.4.0066)" />
        <Dependent type="60" displayName="Lead" parentDisplayName="Lead" id="{e3b6ddb7-8df0-4410-ac7b-fd32e5053d38}" />
      </MissingDependency>
      <MissingDependency>
        <Required type="2" schemaName="address1_line2" displayName="Street 2" parentSchemaName="lead" parentDisplayName="Lead" solution="msdynce_LeadManagement (9.0.4.0066)" />
        <Dependent type="60" displayName="Information" parentDisplayName="Lead" id="{9886ead0-4fcc-4747-9a18-08e7a9a6de71}" />
      </MissingDependency>
      <MissingDependency>
        <Required type="2" schemaName="address1_line2" displayName="Street 2" parentSchemaName="lead" parentDisplayName="Lead" solution="msdynce_LeadManagement (9.0.4.0066)" />
        <Dependent type="60" displayName="Lead" parentDisplayName="Lead" id="{e3b6ddb7-8df0-4410-ac7b-fd32e5053d38}" />
      </MissingDependency>
      <MissingDependency>
        <Required type="2" schemaName="address1_line3" displayName="Street 3" parentSchemaName="lead" parentDisplayName="Lead" solution="msdynce_LeadManagement (9.0.4.0066)" />
        <Dependent type="60" displayName="Information" parentDisplayName="Lead" id="{9886ead0-4fcc-4747-9a18-08e7a9a6de71}" />
      </MissingDependency>
      <MissingDependency>
        <Required type="2" schemaName="address1_line3" displayName="Street 3" parentSchemaName="lead" parentDisplayName="Lead" solution="msdynce_LeadManagement (9.0.4.0066)" />
        <Dependent type="60" displayName="Lead" parentDisplayName="Lead" id="{e3b6ddb7-8df0-4410-ac7b-fd32e5053d38}" />
      </MissingDependency>
      <MissingDependency>
        <Required type="2" schemaName="address1_postalcode" displayName="ZIP/Postal Code" parentSchemaName="lead" parentDisplayName="Lead" solution="msdynce_LeadManagement (9.0.4.0066)" />
        <Dependent type="60" displayName="Information" parentDisplayName="Lead" id="{9886ead0-4fcc-4747-9a18-08e7a9a6de71}" />
      </MissingDependency>
      <MissingDependency>
        <Required type="2" schemaName="address1_postalcode" displayName="ZIP/Postal Code" parentSchemaName="lead" parentDisplayName="Lead" solution="msdynce_LeadManagement (9.0.4.0066)" />
        <Dependent type="60" displayName="Lead" parentDisplayName="Lead" id="{e3b6ddb7-8df0-4410-ac7b-fd32e5053d38}" />
      </MissingDependency>
      <MissingDependency>
        <Required type="2" schemaName="address1_stateorprovince" displayName="State/Province" parentSchemaName="lead" parentDisplayName="Lead" solution="msdynce_LeadManagement (9.0.4.0066)" />
        <Dependent type="60" displayName="Information" parentDisplayName="Lead" id="{9886ead0-4fcc-4747-9a18-08e7a9a6de71}" />
      </MissingDependency>
      <MissingDependency>
        <Required type="2" schemaName="address1_stateorprovince" displayName="State/Province" parentSchemaName="lead" parentDisplayName="Lead" solution="msdynce_LeadManagement (9.0.4.0066)" />
        <Dependent type="60" displayName="Lead" parentDisplayName="Lead" id="{e3b6ddb7-8df0-4410-ac7b-fd32e5053d38}" />
      </MissingDependency>
      <MissingDependency>
        <Required type="2" schemaName="businesscard" displayName="Business Card" parentSchemaName="lead" parentDisplayName="Lead" solution="msdynce_SalesPatch201904 (9.0.1912.1007)" />
        <Dependent type="60" displayName="Lead" parentDisplayName="Lead" id="{e3b6ddb7-8df0-4410-ac7b-fd32e5053d38}" />
      </MissingDependency>
      <MissingDependency>
        <Required type="2" schemaName="businesscardattributes" displayName="BusinessCardAttributes" parentSchemaName="lead" parentDisplayName="Lead" solution="msdynce_SalesPatch201904 (9.0.1912.1007)" />
        <Dependent type="60" displayName="Lead" parentDisplayName="Lead" id="{e3b6ddb7-8df0-4410-ac7b-fd32e5053d38}" />
      </MissingDependency>
      <MissingDependency>
        <Required type="2" schemaName="campaignid" displayName="Source Campaign" parentSchemaName="lead" parentDisplayName="Lead" solution="msdynce_Marketing (9.0.4.37)" />
        <Dependent type="60" displayName="Information" parentDisplayName="Lead" id="{9886ead0-4fcc-4747-9a18-08e7a9a6de71}" />
      </MissingDependency>
      <MissingDependency>
        <Required type="2" schemaName="campaignid" displayName="Source Campaign" parentSchemaName="lead" parentDisplayName="Lead" solution="msdynce_Marketing (9.0.4.37)" />
        <Dependent type="60" displayName="Lead" parentDisplayName="Lead" id="{e3b6ddb7-8df0-4410-ac7b-fd32e5053d38}" />
      </MissingDependency>
      <MissingDependency>
        <Required type="2" schemaName="companyname" displayName="Company Name" parentSchemaName="lead" parentDisplayName="Lead" solution="msdynce_LeadManagement (9.0.4.0066)" />
        <Dependent type="2" schemaName="companyname" displayName="Company Name" parentSchemaName="lead" parentDisplayName="Lead" />
      </MissingDependency>
      <MissingDependency>
        <Required type="2" schemaName="createdon" displayName="Created On" parentSchemaName="lead" parentDisplayName="Lead" solution="msdynce_LeadManagement (9.0.4.0066)" />
        <Dependent type="26" schemaName="Quick View Leads" displayName="Quick View Leads" parentSchemaName="lead" parentDisplayName="Lead" id="{f1a7c4d9-f439-46da-8b69-ecc133214695}" />
      </MissingDependency>
      <MissingDependency>
        <Required type="2" schemaName="createdon" displayName="Created On" parentSchemaName="lead" parentDisplayName="Lead" solution="msdynce_LeadManagement (9.0.4.0066)" />
        <Dependent type="60" displayName="Leads Dashboard" parentDisplayName="Lead" id="{9a14ebb4-143e-e711-80e1-00155d871bb4}" />
      </MissingDependency>
      <MissingDependency>
        <Required type="2" schemaName="description" displayName="Description" parentSchemaName="lead" parentDisplayName="Lead" solution="msdynce_LeadManagement (9.0.4.0066)" />
        <Dependent type="60" displayName="Information" parentDisplayName="Lead" id="{9886ead0-4fcc-4747-9a18-08e7a9a6de71}" />
      </MissingDependency>
      <MissingDependency>
        <Required type="2" schemaName="description" displayName="Description" parentSchemaName="lead" parentDisplayName="Lead" solution="msdynce_LeadManagement (9.0.4.0066)" />
        <Dependent type="60" displayName="Lead" parentDisplayName="Lead" id="{e3b6ddb7-8df0-4410-ac7b-fd32e5053d38}" />
      </MissingDependency>
      <MissingDependency>
        <Required type="2" schemaName="donotbulkemail" displayName="Do not allow Bulk Emails" parentSchemaName="lead" parentDisplayName="Lead" solution="msdynce_LeadManagement (9.0.4.0066)" />
        <Dependent type="60" displayName="Information" parentDisplayName="Lead" id="{9886ead0-4fcc-4747-9a18-08e7a9a6de71}" />
      </MissingDependency>
      <MissingDependency>
        <Required type="2" schemaName="donotbulkemail" displayName="Do not allow Bulk Emails" parentSchemaName="lead" parentDisplayName="Lead" solution="msdynce_LeadManagement (9.0.4.0066)" />
        <Dependent type="60" displayName="Lead" parentDisplayName="Lead" id="{e3b6ddb7-8df0-4410-ac7b-fd32e5053d38}" />
      </MissingDependency>
      <MissingDependency>
        <Required type="2" schemaName="donotemail" displayName="Do not allow Emails" parentSchemaName="lead" parentDisplayName="Lead" solution="msdynce_LeadManagement (9.0.4.0066)" />
        <Dependent type="60" displayName="Information" parentDisplayName="Lead" id="{9886ead0-4fcc-4747-9a18-08e7a9a6de71}" />
      </MissingDependency>
      <MissingDependency>
        <Required type="2" schemaName="donotemail" displayName="Do not allow Emails" parentSchemaName="lead" parentDisplayName="Lead" solution="msdynce_LeadManagement (9.0.4.0066)" />
        <Dependent type="60" displayName="Lead" parentDisplayName="Lead" id="{e3b6ddb7-8df0-4410-ac7b-fd32e5053d38}" />
      </MissingDependency>
      <MissingDependency>
        <Required type="2" schemaName="donotfax" displayName="Do not allow Faxes" parentSchemaName="lead" parentDisplayName="Lead" solution="msdynce_LeadManagement (9.0.4.0066)" />
        <Dependent type="60" displayName="Information" parentDisplayName="Lead" id="{9886ead0-4fcc-4747-9a18-08e7a9a6de71}" />
      </MissingDependency>
      <MissingDependency>
        <Required type="2" schemaName="donotphone" displayName="Do not allow Phone Calls" parentSchemaName="lead" parentDisplayName="Lead" solution="msdynce_LeadManagement (9.0.4.0066)" />
        <Dependent type="60" displayName="Information" parentDisplayName="Lead" id="{9886ead0-4fcc-4747-9a18-08e7a9a6de71}" />
      </MissingDependency>
      <MissingDependency>
        <Required type="2" schemaName="donotphone" displayName="Do not allow Phone Calls" parentSchemaName="lead" parentDisplayName="Lead" solution="msdynce_LeadManagement (9.0.4.0066)" />
        <Dependent type="60" displayName="Lead" parentDisplayName="Lead" id="{e3b6ddb7-8df0-4410-ac7b-fd32e5053d38}" />
      </MissingDependency>
      <MissingDependency>
        <Required type="2" schemaName="donotpostalmail" displayName="Do not allow Mails" parentSchemaName="lead" parentDisplayName="Lead" solution="msdynce_LeadManagement (9.0.4.0066)" />
        <Dependent type="60" displayName="Information" parentDisplayName="Lead" id="{9886ead0-4fcc-4747-9a18-08e7a9a6de71}" />
      </MissingDependency>
      <MissingDependency>
        <Required type="2" schemaName="donotpostalmail" displayName="Do not allow Mails" parentSchemaName="lead" parentDisplayName="Lead" solution="msdynce_LeadManagement (9.0.4.0066)" />
        <Dependent type="60" displayName="Lead" parentDisplayName="Lead" id="{e3b6ddb7-8df0-4410-ac7b-fd32e5053d38}" />
      </MissingDependency>
      <MissingDependency>
        <Required type="2" schemaName="donotsendmm" displayName="Marketing Material" parentSchemaName="lead" parentDisplayName="Lead" solution="msdynce_LeadManagement (9.0.4.0066)" />
        <Dependent type="60" displayName="Information" parentDisplayName="Lead" id="{9886ead0-4fcc-4747-9a18-08e7a9a6de71}" />
      </MissingDependency>
      <MissingDependency>
        <Required type="2" schemaName="donotsendmm" displayName="Marketing Material" parentSchemaName="lead" parentDisplayName="Lead" solution="msdynce_LeadManagement (9.0.4.0066)" />
        <Dependent type="60" displayName="Lead" parentDisplayName="Lead" id="{e3b6ddb7-8df0-4410-ac7b-fd32e5053d38}" />
      </MissingDependency>
      <MissingDependency>
        <Required type="2" schemaName="emailaddress1" displayName="Email" parentSchemaName="lead" parentDisplayName="Lead" solution="msdynce_LeadManagement (9.0.4.0066)" />
        <Dependent type="2" schemaName="emailaddress1" displayName="Email" parentSchemaName="lead" parentDisplayName="Lead" />
      </MissingDependency>
      <MissingDependency>
        <Required type="2" schemaName="fax" displayName="Fax" parentSchemaName="lead" parentDisplayName="Lead" solution="msdynce_LeadManagement (9.0.4.0066)" />
        <Dependent type="60" displayName="Information" parentDisplayName="Lead" id="{9886ead0-4fcc-4747-9a18-08e7a9a6de71}" />
      </MissingDependency>
      <MissingDependency>
        <Required type="2" schemaName="firstname" displayName="First Name" parentSchemaName="lead" parentDisplayName="Lead" solution="msdynce_LeadManagement (9.0.4.0066)" />
        <Dependent type="2" schemaName="firstname" displayName="First Name" parentSchemaName="lead" parentDisplayName="Lead" />
      </MissingDependency>
      <MissingDependency>
        <Required type="2" schemaName="followemail" displayName="Follow Email Activity" parentSchemaName="lead" parentDisplayName="Lead" solution="msdynce_LeadManagement (9.0.4.0066)" />
        <Dependent type="60" displayName="Information" parentDisplayName="Lead" id="{9886ead0-4fcc-4747-9a18-08e7a9a6de71}" />
      </MissingDependency>
      <MissingDependency>
        <Required type="2" schemaName="followemail" displayName="Follow Email Activity" parentSchemaName="lead" parentDisplayName="Lead" solution="msdynce_LeadManagement (9.0.4.0066)" />
        <Dependent type="60" displayName="Lead" parentDisplayName="Lead" id="{e3b6ddb7-8df0-4410-ac7b-fd32e5053d38}" />
      </MissingDependency>
      <MissingDependency>
        <Required type="2" schemaName="fullname" displayName="Name" parentSchemaName="lead" parentDisplayName="Lead" solution="msdynce_LeadManagement (9.0.4.0066)" />
        <Dependent type="2" schemaName="fullname" displayName="Name" parentSchemaName="lead" parentDisplayName="Lead" />
      </MissingDependency>
      <MissingDependency>
        <Required type="2" schemaName="industrycode" displayName="Industry" parentSchemaName="lead" parentDisplayName="Lead" solution="msdynce_LeadManagement (9.0.4.0066)" />
        <Dependent type="60" displayName="Information" parentDisplayName="Lead" id="{9886ead0-4fcc-4747-9a18-08e7a9a6de71}" />
      </MissingDependency>
      <MissingDependency>
        <Required type="2" schemaName="industrycode" displayName="Industry" parentSchemaName="lead" parentDisplayName="Lead" solution="msdynce_LeadManagement (9.0.4.0066)" />
        <Dependent type="60" displayName="Lead" parentDisplayName="Lead" id="{e3b6ddb7-8df0-4410-ac7b-fd32e5053d38}" />
      </MissingDependency>
      <MissingDependency>
        <Required type="2" schemaName="jobtitle" displayName="Job Title" parentSchemaName="lead" parentDisplayName="Lead" solution="msdynce_LeadManagement (9.0.4.0066)" />
        <Dependent type="60" displayName="Information" parentDisplayName="Lead" id="{9886ead0-4fcc-4747-9a18-08e7a9a6de71}" />
      </MissingDependency>
      <MissingDependency>
        <Required type="2" schemaName="jobtitle" displayName="Job Title" parentSchemaName="lead" parentDisplayName="Lead" solution="msdynce_LeadManagement (9.0.4.0066)" />
        <Dependent type="60" displayName="Lead Quick View Form" parentDisplayName="Lead" id="{d228d73e-e56e-48b3-ab95-0a06b1397b03}" />
      </MissingDependency>
      <MissingDependency>
        <Required type="2" schemaName="jobtitle" displayName="Job Title" parentSchemaName="lead" parentDisplayName="Lead" solution="msdynce_LeadManagement (9.0.4.0066)" />
        <Dependent type="60" displayName="Lead" parentDisplayName="Lead" id="{e3b6ddb7-8df0-4410-ac7b-fd32e5053d38}" />
      </MissingDependency>
      <MissingDependency>
        <Required type="2" schemaName="lastname" displayName="Last Name" parentSchemaName="lead" parentDisplayName="Lead" solution="msdynce_LeadManagement (9.0.4.0066)" />
        <Dependent type="2" schemaName="lastname" displayName="Last Name" parentSchemaName="lead" parentDisplayName="Lead" />
      </MissingDependency>
      <MissingDependency>
        <Required type="2" schemaName="lastusedincampaign" displayName="Last Campaign Date" parentSchemaName="lead" parentDisplayName="Lead" solution="msdynce_LeadManagement (9.0.4.0066)" />
        <Dependent type="60" displayName="Information" parentDisplayName="Lead" id="{9886ead0-4fcc-4747-9a18-08e7a9a6de71}" />
      </MissingDependency>
      <MissingDependency>
        <Required type="2" schemaName="lastusedincampaign" displayName="Last Campaign Date" parentSchemaName="lead" parentDisplayName="Lead" solution="msdynce_LeadManagement (9.0.4.0066)" />
        <Dependent type="60" displayName="Lead" parentDisplayName="Lead" id="{e3b6ddb7-8df0-4410-ac7b-fd32e5053d38}" />
      </MissingDependency>
      <MissingDependency>
        <Required type="2" schemaName="leadid" displayName="Lead" parentSchemaName="lead" parentDisplayName="Lead" solution="msdynce_LeadManagement (9.0.4.0066)" />
        <Dependent type="26" schemaName="Quick View Leads" displayName="Quick View Leads" parentSchemaName="lead" parentDisplayName="Lead" id="{f1a7c4d9-f439-46da-8b69-ecc133214695}" />
      </MissingDependency>
      <MissingDependency>
        <Required type="2" schemaName="leadid" displayName="Lead" parentSchemaName="lead" parentDisplayName="Lead" solution="msdynce_LeadManagement (9.0.4.0066)" />
        <Dependent type="29" displayName="Create Task" id="{a5706508-c47d-ee11-8178-002248816117}" />
      </MissingDependency>
      <MissingDependency>
        <Required type="2" schemaName="leadqualitycode" displayName="Rating" parentSchemaName="lead" parentDisplayName="Lead" solution="msdynce_LeadManagement (9.0.4.0066)" />
        <Dependent type="60" displayName="Information" parentDisplayName="Lead" id="{9886ead0-4fcc-4747-9a18-08e7a9a6de71}" />
      </MissingDependency>
      <MissingDependency>
        <Required type="2" schemaName="leadqualitycode" displayName="Rating" parentSchemaName="lead" parentDisplayName="Lead" solution="msdynce_LeadManagement (9.0.4.0066)" />
        <Dependent type="60" displayName="Lead" parentDisplayName="Lead" id="{e3b6ddb7-8df0-4410-ac7b-fd32e5053d38}" />
      </MissingDependency>
      <MissingDependency>
        <Required type="2" schemaName="leadsourcecode" displayName="Lead Source" parentSchemaName="lead" parentDisplayName="Lead" solution="msdynce_LeadManagement (9.0.4.0066)" />
        <Dependent type="60" displayName="Information" parentDisplayName="Lead" id="{9886ead0-4fcc-4747-9a18-08e7a9a6de71}" />
      </MissingDependency>
      <MissingDependency>
        <Required type="2" schemaName="leadsourcecode" displayName="Lead Source" parentSchemaName="lead" parentDisplayName="Lead" solution="msdynce_LeadManagement (9.0.4.0066)" />
        <Dependent type="60" displayName="Lead" parentDisplayName="Lead" id="{e3b6ddb7-8df0-4410-ac7b-fd32e5053d38}" />
      </MissingDependency>
      <MissingDependency>
        <Required type="2" schemaName="mobilephone" displayName="Mobile Phone" parentSchemaName="lead" parentDisplayName="Lead" solution="msdynce_LeadManagement (9.0.4.0066)" />
        <Dependent type="60" displayName="Information" parentDisplayName="Lead" id="{9886ead0-4fcc-4747-9a18-08e7a9a6de71}" />
      </MissingDependency>
      <MissingDependency>
        <Required type="2" schemaName="mobilephone" displayName="Mobile Phone" parentSchemaName="lead" parentDisplayName="Lead" solution="msdynce_LeadManagement (9.0.4.0066)" />
        <Dependent type="60" displayName="Lead Quick View Form" parentDisplayName="Lead" id="{d228d73e-e56e-48b3-ab95-0a06b1397b03}" />
      </MissingDependency>
      <MissingDependency>
        <Required type="2" schemaName="mobilephone" displayName="Mobile Phone" parentSchemaName="lead" parentDisplayName="Lead" solution="msdynce_LeadManagement (9.0.4.0066)" />
        <Dependent type="60" displayName="Lead" parentDisplayName="Lead" id="{e3b6ddb7-8df0-4410-ac7b-fd32e5053d38}" />
      </MissingDependency>
      <MissingDependency>
        <Required type="2" schemaName="msdyn_leadkpiid" displayName="KPI" parentSchemaName="lead" parentDisplayName="Lead" solution="RelationshipAnalytics (9.0.3.3140)" />
        <Dependent type="10" schemaName="msdyn_msdyn_leadkpiitem_lead_leadkpiid" displayName="msdyn_msdyn_leadkpiitem_lead_leadkpiid" parentSchemaName="msdyn_leadkpiitem" parentDisplayName="Lead KPI Item" />
      </MissingDependency>
      <MissingDependency>
        <Required type="2" schemaName="msdyn_segmentid" displayName="Segment Id" parentSchemaName="lead" parentDisplayName="Lead" solution="msdyn_segment (9.1.2309.3001)" />
        <Dependent type="10" schemaName="msdyn_msdyn_segment_lead" displayName="msdyn_msdyn_segment_lead" parentSchemaName="msdyn_segment" parentDisplayName="Segment" />
      </MissingDependency>
      <MissingDependency>
        <Required type="2" schemaName="numberofemployees" displayName="No. of Employees" parentSchemaName="lead" parentDisplayName="Lead" solution="msdynce_LeadManagement (9.0.4.0066)" />
        <Dependent type="60" displayName="Information" parentDisplayName="Lead" id="{9886ead0-4fcc-4747-9a18-08e7a9a6de71}" />
      </MissingDependency>
      <MissingDependency>
        <Required type="2" schemaName="numberofemployees" displayName="No. of Employees" parentSchemaName="lead" parentDisplayName="Lead" solution="msdynce_LeadManagement (9.0.4.0066)" />
        <Dependent type="60" displayName="Lead" parentDisplayName="Lead" id="{e3b6ddb7-8df0-4410-ac7b-fd32e5053d38}" />
      </MissingDependency>
      <MissingDependency>
        <Required type="2" schemaName="ownerid" displayName="Owner" parentSchemaName="lead" parentDisplayName="Lead" solution="msdynce_LeadManagement (9.0.4.0066)" />
        <Dependent type="60" displayName="Information" parentDisplayName="Lead" id="{9886ead0-4fcc-4747-9a18-08e7a9a6de71}" />
      </MissingDependency>
      <MissingDependency>
        <Required type="2" schemaName="ownerid" displayName="Owner" parentSchemaName="lead" parentDisplayName="Lead" solution="msdynce_LeadManagement (9.0.4.0066)" />
        <Dependent type="60" displayName="Lead" parentDisplayName="Lead" id="{e3b6ddb7-8df0-4410-ac7b-fd32e5053d38}" />
      </MissingDependency>
      <MissingDependency>
        <Required type="2" schemaName="pager" displayName="Pager" parentSchemaName="lead" parentDisplayName="Lead" solution="msdynce_LeadManagement (9.0.4.0066)" />
        <Dependent type="60" displayName="Information" parentDisplayName="Lead" id="{9886ead0-4fcc-4747-9a18-08e7a9a6de71}" />
      </MissingDependency>
      <MissingDependency>
        <Required type="2" schemaName="preferredcontactmethodcode" displayName="Preferred Method of Contact" parentSchemaName="lead" parentDisplayName="Lead" solution="msdynce_LeadManagement (9.0.4.0066)" />
        <Dependent type="60" displayName="Information" parentDisplayName="Lead" id="{9886ead0-4fcc-4747-9a18-08e7a9a6de71}" />
      </MissingDependency>
      <MissingDependency>
        <Required type="2" schemaName="preferredcontactmethodcode" displayName="Preferred Method of Contact" parentSchemaName="lead" parentDisplayName="Lead" solution="msdynce_LeadManagement (9.0.4.0066)" />
        <Dependent type="60" displayName="Lead" parentDisplayName="Lead" id="{e3b6ddb7-8df0-4410-ac7b-fd32e5053d38}" />
      </MissingDependency>
      <MissingDependency>
        <Required type="2" schemaName="revenue" displayName="Annual Revenue" parentSchemaName="lead" parentDisplayName="Lead" solution="msdynce_LeadManagement (9.0.4.0066)" />
        <Dependent type="60" displayName="Information" parentDisplayName="Lead" id="{9886ead0-4fcc-4747-9a18-08e7a9a6de71}" />
      </MissingDependency>
      <MissingDependency>
        <Required type="2" schemaName="revenue" displayName="Annual Revenue" parentSchemaName="lead" parentDisplayName="Lead" solution="msdynce_LeadManagement (9.0.4.0066)" />
        <Dependent type="60" displayName="Lead" parentDisplayName="Lead" id="{e3b6ddb7-8df0-4410-ac7b-fd32e5053d38}" />
      </MissingDependency>
      <MissingDependency>
        <Required type="2" schemaName="salutation" displayName="Salutation" parentSchemaName="lead" parentDisplayName="Lead" solution="msdynce_LeadManagement (9.0.4.0066)" />
        <Dependent type="60" displayName="Information" parentDisplayName="Lead" id="{9886ead0-4fcc-4747-9a18-08e7a9a6de71}" />
      </MissingDependency>
      <MissingDependency>
        <Required type="2" schemaName="sic" displayName="SIC Code" parentSchemaName="lead" parentDisplayName="Lead" solution="msdynce_LeadManagement (9.0.4.0066)" />
        <Dependent type="60" displayName="Information" parentDisplayName="Lead" id="{9886ead0-4fcc-4747-9a18-08e7a9a6de71}" />
      </MissingDependency>
      <MissingDependency>
        <Required type="2" schemaName="sic" displayName="SIC Code" parentSchemaName="lead" parentDisplayName="Lead" solution="msdynce_LeadManagement (9.0.4.0066)" />
        <Dependent type="60" displayName="Lead" parentDisplayName="Lead" id="{e3b6ddb7-8df0-4410-ac7b-fd32e5053d38}" />
      </MissingDependency>
      <MissingDependency>
        <Required type="2" schemaName="statecode" displayName="Status" parentSchemaName="lead" parentDisplayName="Lead" solution="msdynce_LeadManagement (9.0.4.0066)" />
        <Dependent type="2" schemaName="statecode" displayName="Status" parentSchemaName="lead" parentDisplayName="Lead" />
      </MissingDependency>
      <MissingDependency>
        <Required type="2" schemaName="statuscode" displayName="Status Reason" parentSchemaName="lead" parentDisplayName="Lead" solution="msdynce_LeadManagement (9.0.4.0066)" />
        <Dependent type="2" schemaName="statuscode" displayName="Status Reason" parentSchemaName="lead" parentDisplayName="Lead" />
      </MissingDependency>
      <MissingDependency>
        <Required type="2" schemaName="subject" displayName="Topic" parentSchemaName="lead" parentDisplayName="Lead" solution="msdynce_LeadManagement (9.0.4.0066)" />
        <Dependent type="2" schemaName="subject" displayName="Topic" parentSchemaName="lead" parentDisplayName="Lead" />
      </MissingDependency>
      <MissingDependency>
        <Required type="2" schemaName="telephone1" displayName="Business Phone" parentSchemaName="lead" parentDisplayName="Lead" solution="msdynce_LeadManagement (9.0.4.0066)" />
        <Dependent type="2" schemaName="telephone1" displayName="Business Phone" parentSchemaName="lead" parentDisplayName="Lead" />
      </MissingDependency>
      <MissingDependency>
        <Required type="2" schemaName="telephone2" displayName="Home Phone" parentSchemaName="lead" parentDisplayName="Lead" solution="msdynce_LeadManagement (9.0.4.0066)" />
        <Dependent type="60" displayName="Information" parentDisplayName="Lead" id="{9886ead0-4fcc-4747-9a18-08e7a9a6de71}" />
      </MissingDependency>
      <MissingDependency>
        <Required type="2" schemaName="telephone3" displayName="Other Phone" parentSchemaName="lead" parentDisplayName="Lead" solution="msdynce_LeadManagement (9.0.4.0066)" />
        <Dependent type="60" displayName="Information" parentDisplayName="Lead" id="{9886ead0-4fcc-4747-9a18-08e7a9a6de71}" />
      </MissingDependency>
      <MissingDependency>
        <Required type="2" schemaName="transactioncurrencyid" displayName="Currency" parentSchemaName="lead" parentDisplayName="Lead" solution="msdynce_LeadManagement (9.0.4.0066)" />
        <Dependent type="60" displayName="Information" parentDisplayName="Lead" id="{9886ead0-4fcc-4747-9a18-08e7a9a6de71}" />
      </MissingDependency>
      <MissingDependency>
        <Required type="2" schemaName="transactioncurrencyid" displayName="Currency" parentSchemaName="lead" parentDisplayName="Lead" solution="msdynce_LeadManagement (9.0.4.0066)" />
        <Dependent type="60" displayName="Lead" parentDisplayName="Lead" id="{e3b6ddb7-8df0-4410-ac7b-fd32e5053d38}" />
      </MissingDependency>
      <MissingDependency>
        <Required type="2" schemaName="websiteurl" displayName="Website" parentSchemaName="lead" parentDisplayName="Lead" solution="msdynce_LeadManagement (9.0.4.0066)" />
        <Dependent type="60" displayName="Information" parentDisplayName="Lead" id="{9886ead0-4fcc-4747-9a18-08e7a9a6de71}" />
      </MissingDependency>
      <MissingDependency>
        <Required type="2" schemaName="websiteurl" displayName="Website" parentSchemaName="lead" parentDisplayName="Lead" solution="msdynce_LeadManagement (9.0.4.0066)" />
        <Dependent type="60" displayName="Lead" parentDisplayName="Lead" id="{e3b6ddb7-8df0-4410-ac7b-fd32e5053d38}" />
      </MissingDependency>
      <MissingDependency>
        <Required type="2" schemaName="msdyn_leadkpiitemid" displayName="Unique Identifier for Entity Instances" parentSchemaName="msdyn_leadkpiitem" parentDisplayName="Lead KPI Item" solution="RelationshipAnalytics (9.0.3.3140)" />
        <Dependent type="10" schemaName="msdyn_msdyn_leadkpiitem_lead_leadkpiid" displayName="msdyn_msdyn_leadkpiitem_lead_leadkpiid" parentSchemaName="msdyn_leadkpiitem" parentDisplayName="Lead KPI Item" />
      </MissingDependency>
      <MissingDependency>
        <Required type="2" schemaName="msdyn_name" displayName="Custom Entity Name" parentSchemaName="msdyn_leadkpiitem" parentDisplayName="Lead KPI Item" solution="RelationshipAnalytics (9.0.3.3140)" />
        <Dependent type="10" schemaName="msdyn_msdyn_leadkpiitem_lead_leadkpiid" displayName="msdyn_msdyn_leadkpiitem_lead_leadkpiid" parentSchemaName="msdyn_leadkpiitem" parentDisplayName="Lead KPI Item" />
      </MissingDependency>
      <MissingDependency>
        <Required type="2" schemaName="msdyn_name" displayName="Segment name" parentSchemaName="msdyn_segment" parentDisplayName="Segment" solution="msdyn_segment (9.1.2309.3001)" />
        <Dependent type="10" schemaName="msdyn_msdyn_segment_lead" displayName="msdyn_msdyn_segment_lead" parentSchemaName="msdyn_segment" parentDisplayName="Segment" />
      </MissingDependency>
      <MissingDependency>
        <Required type="2" schemaName="msdyn_segmentid" displayName="segment" parentSchemaName="msdyn_segment" parentDisplayName="Segment" solution="msdyn_segment (9.1.2309.3001)" />
        <Dependent type="10" schemaName="msdyn_msdyn_segment_lead" displayName="msdyn_msdyn_segment_lead" parentSchemaName="msdyn_segment" parentDisplayName="Segment" />
      </MissingDependency>
      <MissingDependency>
        <Required type="26" schemaName="My Open Leads" displayName="My Open Leads" parentSchemaName="lead" parentDisplayName="Lead" solution="msdynce_LeadManagement (9.0.4.0066)" id="{00000000-0000-0000-00aa-000010001005}" />
        <Dependent type="60" displayName="Leads Dashboard" parentDisplayName="Lead" id="{9a14ebb4-143e-e711-80e1-00155d871bb4}" />
      </MissingDependency>
      <MissingDependency>
        <Required type="26" schemaName="Open Leads" displayName="Open Leads" parentSchemaName="lead" parentDisplayName="Lead" solution="msdynce_LeadManagement (9.0.4.0066)" id="{00000000-0000-0000-00aa-000010001006}" />
        <Dependent type="60" displayName="Leads Dashboard" parentDisplayName="Lead" id="{9a14ebb4-143e-e711-80e1-00155d871bb4}" />
      </MissingDependency>
      <MissingDependency>
        <Required type="26" schemaName="Closed Leads" displayName="Closed Leads" parentSchemaName="lead" parentDisplayName="Lead" solution="msdynce_LeadManagement (9.0.4.0066)" id="{00000000-0000-0000-00aa-000010001009}" />
        <Dependent type="60" displayName="Leads Dashboard" parentDisplayName="Lead" id="{9a14ebb4-143e-e711-80e1-00155d871bb4}" />
      </MissingDependency>
      <MissingDependency>
        <Required type="26" schemaName="Campaign Lookup View" displayName="Campaign Lookup View" parentSchemaName="campaign" parentDisplayName="Campaign" solution="msdynce_Marketing (9.0.4.37)" id="{0e76dc73-2052-484e-8c00-a760f8d522ec}" />
        <Dependent type="60" displayName="Lead" parentDisplayName="Lead" id="{e3b6ddb7-8df0-4410-ac7b-fd32e5053d38}" />
      </MissingDependency>
      <MissingDependency>
        <Required type="26" schemaName="All Competitors (summary)" displayName="All Competitors (summary)" parentSchemaName="competitor" parentDisplayName="Competitor" solution="msdynce_Sales (9.0.4.0076)" id="{57bca9ac-87a0-4c28-adc8-2d0a4645f29e}" />
        <Dependent type="60" displayName="Lead" parentDisplayName="Lead" id="{e3b6ddb7-8df0-4410-ac7b-fd32e5053d38}" />
      </MissingDependency>
      <MissingDependency>
        <Required type="26" schemaName="All Leads" displayName="All Leads" parentSchemaName="lead" parentDisplayName="Lead" solution="msdynce_LeadManagement (9.0.4.0066)" id="{5a926b99-3a5f-df11-ae90-00155d2e3002}" />
        <Dependent type="60" displayName="Leads Dashboard" parentDisplayName="Lead" id="{9a14ebb4-143e-e711-80e1-00155d871bb4}" />
      </MissingDependency>
      <MissingDependency>
        <Required type="26" schemaName="Quick View Leads" displayName="Quick View Leads" parentSchemaName="lead" parentDisplayName="Lead" solution="msdynce_LeadManagement (9.0.4.0066)" id="{f1a7c4d9-f439-46da-8b69-ecc133214695}" />
        <Dependent type="26" schemaName="Quick View Leads" displayName="Quick View Leads" parentSchemaName="lead" parentDisplayName="Lead" id="{f1a7c4d9-f439-46da-8b69-ecc133214695}" />
      </MissingDependency>
      <MissingDependency>
        <Required type="59" schemaName="Leads by Owner (Tag Chart)" displayName="Leads by Owner (Tag Chart)" parentSchemaName="lead" parentDisplayName="Lead" solution="msdynce_LeadManagement (9.0.4.0066)" id="{b92a5119-193a-e711-80e3-00155d42a416}" />
        <Dependent type="60" displayName="Leads Dashboard" parentDisplayName="Lead" id="{9a14ebb4-143e-e711-80e1-00155d871bb4}" />
      </MissingDependency>
      <MissingDependency>
        <Required type="59" schemaName="Leads by Source (DOUGHNUT)" displayName="Leads by Source (DOUGHNUT)" parentSchemaName="lead" parentDisplayName="Lead" solution="msdynce_LeadManagement (9.0.4.0066)" id="{d311600c-163a-e711-80e3-00155d42a416}" />
        <Dependent type="60" displayName="Leads Dashboard" parentDisplayName="Lead" id="{9a14ebb4-143e-e711-80e1-00155d871bb4}" />
      </MissingDependency>
      <MissingDependency>
        <Required type="59" schemaName="Leads by Rating" displayName="Leads by Rating" parentSchemaName="lead" parentDisplayName="Lead" solution="msdynce_LeadManagement (9.0.4.0066)" id="{f5976c58-5693-de11-97d4-00155da3b01e}" />
        <Dependent type="60" displayName="Leads Dashboard" parentDisplayName="Lead" id="{9a14ebb4-143e-e711-80e1-00155d871bb4}" />
      </MissingDependency>
      <MissingDependency>
        <Required type="60" displayName="Information" parentDisplayName="Lead" solution="msdynce_LeadManagement (9.0.4.0066)" id="{9886ead0-4fcc-4747-9a18-08e7a9a6de71}" />
        <Dependent type="60" displayName="Information" parentDisplayName="Lead" id="{9886ead0-4fcc-4747-9a18-08e7a9a6de71}" />
      </MissingDependency>
      <MissingDependency>
        <Required type="60" displayName="Leads Dashboard" parentDisplayName="Lead" solution="msdynce_LeadManagement (9.0.4.0066)" id="{9a14ebb4-143e-e711-80e1-00155d871bb4}" />
        <Dependent type="60" displayName="Leads Dashboard" parentDisplayName="Lead" id="{9a14ebb4-143e-e711-80e1-00155d871bb4}" />
      </MissingDependency>
      <MissingDependency>
        <Required type="60" displayName="Lead Quick View Form" parentDisplayName="Lead" solution="AppforOutlook (1.2.13.0)" id="{d228d73e-e56e-48b3-ab95-0a06b1397b03}" />
        <Dependent type="60" displayName="Lead Quick View Form" parentDisplayName="Lead" id="{d228d73e-e56e-48b3-ab95-0a06b1397b03}" />
      </MissingDependency>
      <MissingDependency>
        <Required type="60" displayName="Lead" parentDisplayName="Lead" solution="msdynce_LeadManagement (9.0.4.0066)" id="{e3b6ddb7-8df0-4410-ac7b-fd32e5053d38}" />
        <Dependent type="60" displayName="Lead" parentDisplayName="Lead" id="{e3b6ddb7-8df0-4410-ac7b-fd32e5053d38}" />
      </MissingDependency>
      <MissingDependency>
        <Required type="61" schemaName="LeadManagement/Lead/Lead_main_system_library.js" displayName="LeadManagement/Lead/Lead_main_system_library.js" solution="msdynce_LeadManagement (9.0.4.0066)" />
        <Dependent type="60" displayName="Information" parentDisplayName="Lead" id="{9886ead0-4fcc-4747-9a18-08e7a9a6de71}" />
      </MissingDependency>
      <MissingDependency>
        <Required type="61" schemaName="MarketingSales/Lead/Lead_main_system_library.js" displayName="MarketingSales/Lead/Lead_main_system_library.js" solution="msdynce_MarketingSales (9.0.4.29)" />
        <Dependent type="60" displayName="Information" parentDisplayName="Lead" id="{9886ead0-4fcc-4747-9a18-08e7a9a6de71}" />
      </MissingDependency>
      <MissingDependency>
        <Required type="61" schemaName="msdyn_/ActivityFeeds.Form.js" displayName="msdyn_/ActivityFeeds.Form.js" solution="ActivityFeedsCore (9.0.0.0009)" />
        <Dependent type="60" displayName="Information" parentDisplayName="Lead" id="{9886ead0-4fcc-4747-9a18-08e7a9a6de71}" />
      </MissingDependency>
      <MissingDependency>
        <Required type="61" schemaName="msdyn_/Images/AppModule_Default_Icon.png" displayName="msdyn_/Images/AppModule_Default_Icon.png" solution="AppModuleWebResources (2.5)" />
        <Dependent type="80" schemaName="new_BusinessScenario4" displayName="Business Scenario 4" />
      </MissingDependency>
      <MissingDependency>
        <Required type="61" schemaName="msdyn_/RecordWall.htm" displayName="msdyn_/RecordWall.htm" solution="ActivityFeedsCore (9.0.0.0009)" />
        <Dependent type="60" displayName="Information" parentDisplayName="Lead" id="{9886ead0-4fcc-4747-9a18-08e7a9a6de71}" />
      </MissingDependency>
      <MissingDependency>
        <Required type="61" schemaName="msdyn_/Scripts/WhoKnowsWhomLoader.js" displayName="msdyn_/Scripts/WhoKnowsWhomLoader.js" solution="msdyn_connectiongraph (9.2.0.1037)" />
        <Dependent type="60" displayName="Lead" parentDisplayName="Lead" id="{e3b6ddb7-8df0-4410-ac7b-fd32e5053d38}" />
      </MissingDependency>
      <MissingDependency>
        <Required type="61" schemaName="msdyn_SalesOmniChannel/SalesPhoneNumber.Library.js" displayName="msdyn_SalesOmniChannel/SalesPhoneNumber.Library.js" solution="msdyn_SalesOmniChannel (9.1.23093.10009)" />
        <Dependent type="60" displayName="Lead" parentDisplayName="Lead" id="{e3b6ddb7-8df0-4410-ac7b-fd32e5053d38}" />
      </MissingDependency>
      <MissingDependency>
        <Required type="66" schemaName="Intelligence.BusinessCardReaderControl.BusinessCardReader" displayName="Intelligence.BusinessCardReaderControl.BusinessCardReader" solution="BaseCustomControlsCore (9.0.2310.2017)" />
        <Dependent type="60" displayName="Lead" parentDisplayName="Lead" id="{e3b6ddb7-8df0-4410-ac7b-fd32e5053d38}" />
      </MissingDependency>
      <MissingDependency>
        <Required type="66" schemaName="Microsoft.AddressInputUCI" displayName="Microsoft.AddressInputUCI" solution="BaseCustomControlsCore (9.0.2310.2017)" />
        <Dependent type="60" displayName="Lead" parentDisplayName="Lead" id="{e3b6ddb7-8df0-4410-ac7b-fd32e5053d38}" />
      </MissingDependency>
      <MissingDependency>
        <Required type="66" schemaName="MscrmControls.AcceleratedSales.CadenceWidgetControl" displayName="MscrmControls.AcceleratedSales.CadenceWidgetControl" solution="msdyn_acceleratedsales (9.1.23093.10009)" />
        <Dependent type="60" displayName="Lead" parentDisplayName="Lead" id="{e3b6ddb7-8df0-4410-ac7b-fd32e5053d38}" />
      </MissingDependency>
      <MissingDependency>
        <Required type="66" schemaName="MscrmControls.CardFeedContainer.CardFeedContainer" displayName="MscrmControls.CardFeedContainer.CardFeedContainer" solution="BaseCustomControlsCore (9.0.2310.2017)" />
        <Dependent type="60" displayName="Lead" parentDisplayName="Lead" id="{e3b6ddb7-8df0-4410-ac7b-fd32e5053d38}" />
      </MissingDependency>
      <MissingDependency>
        <Required type="66" schemaName="MscrmControls.FlipSwitch.FlipSwitchControl" displayName="MscrmControls.FlipSwitch.FlipSwitchControl" solution="CustomControlsCore (9.2.23102.00222)" />
        <Dependent type="60" displayName="Lead" parentDisplayName="Lead" id="{e3b6ddb7-8df0-4410-ac7b-fd32e5053d38}" />
      </MissingDependency>
      <MissingDependency>
        <Required type="66" schemaName="MscrmControls.Grid.ReadOnlyGrid" displayName="MscrmControls.Grid.ReadOnlyGrid" solution="BaseCustomControlsCore (9.0.2310.2017)" />
        <Dependent type="60" displayName="Lead" parentDisplayName="Lead" id="{e3b6ddb7-8df0-4410-ac7b-fd32e5053d38}" />
      </MissingDependency>
      <MissingDependency>
        <Required type="66" schemaName="MscrmControls.InputMask.InputMaskControl" displayName="MscrmControls.InputMask.InputMaskControl" solution="CustomControlsCore (9.2.23102.00222)" />
        <Dependent type="60" displayName="Lead" parentDisplayName="Lead" id="{e3b6ddb7-8df0-4410-ac7b-fd32e5053d38}" />
      </MissingDependency>
      <MissingDependency>
        <Required type="66" schemaName="MscrmControls.LeadHygiene.ValidatedFieldControl" displayName="MscrmControls.LeadHygiene.ValidatedFieldControl" solution="msdyn_leadhygiene (9.1.2309.3001)" />
        <Dependent type="60" displayName="Lead" parentDisplayName="Lead" id="{e3b6ddb7-8df0-4410-ac7b-fd32e5053d38}" />
      </MissingDependency>
      <MissingDependency>
        <Required type="66" schemaName="msdyn_SalesOmniChannel.SalesPhoneNumberControl" displayName="msdyn_SalesOmniChannel.SalesPhoneNumberControl" solution="msdyn_SalesOmniChannel (9.1.23093.10009)" />
        <Dependent type="60" displayName="Lead" parentDisplayName="Lead" id="{e3b6ddb7-8df0-4410-ac7b-fd32e5053d38}" />
      </MissingDependency>
      <MissingDependency>
        <Required type="66" schemaName="MsdynControls.WKWControls.ConnectionsWidget" displayName="MsdynControls.WKWControls.ConnectionsWidget" solution="msdyn_connectiongraph (9.2.0.1037)" />
        <Dependent type="60" displayName="Lead" parentDisplayName="Lead" id="{e3b6ddb7-8df0-4410-ac7b-fd32e5053d38}" />
      </MissingDependency>
    </MissingDependencies>
  </SolutionManifest>
</ImportExportXml>