<ImportExportXml version="9.2.23102.222" SolutionPackageVersion="9.2" languagecode="1033" generatedBy="CrmLive" xmlns:xsi="http://www.w3.org/2001/XMLSchema-instance">
  <SolutionManifest>
    <UniqueName>BusinessScenario</UniqueName>
    <LocalizedNames>
      <LocalizedName description="Business Scenario 1" languagecode="1033" />
    </LocalizedNames>
    <Descriptions />
    <Version>1.0.0.2</Version>
    <Managed>0</Managed>
    <Publisher>
      <UniqueName>Crb8fbb</UniqueName>
      <LocalizedNames>
        <LocalizedName description="CDS Default Publisher" languagecode="1033" />
      </LocalizedNames>
      <Descriptions />
      <EMailAddress xsi:nil="true"></EMailAddress>
      <SupportingWebsiteUrl xsi:nil="true"></SupportingWebsiteUrl>
      <CustomizationPrefix>cr260</CustomizationPrefix>
      <CustomizationOptionValuePrefix>51766</CustomizationOptionValuePrefix>
      <Addresses>
        <Address>
          <AddressNumber>1</AddressNumber>
          <AddressTypeCode xsi:nil="true"></AddressTypeCode>
          <City xsi:nil="true"></City>
          <County xsi:nil="true"></County>
          <Country xsi:nil="true"></Country>
          <Fax xsi:nil="true"></Fax>
          <FreightTermsCode xsi:nil="true"></FreightTermsCode>
          <ImportSequenceNumber xsi:nil="true"></ImportSequenceNumber>
          <Latitude xsi:nil="true"></Latitude>
          <Line1 xsi:nil="true"></Line1>
          <Line2 xsi:nil="true"></Line2>
          <Line3 xsi:nil="true"></Line3>
          <Longitude xsi:nil="true"></Longitude>
          <Name xsi:nil="true"></Name>
          <PostalCode xsi:nil="true"></PostalCode>
          <PostOfficeBox xsi:nil="true"></PostOfficeBox>
          <PrimaryContactName xsi:nil="true"></PrimaryContactName>
          <ShippingMethodCode xsi:nil="true"></ShippingMethodCode>
          <StateOrProvince xsi:nil="true"></StateOrProvince>
          <Telephone1 xsi:nil="true"></Telephone1>
          <Telephone2 xsi:nil="true"></Telephone2>
          <Telephone3 xsi:nil="true"></Telephone3>
          <TimeZoneRuleVersionNumber xsi:nil="true"></TimeZoneRuleVersionNumber>
          <UPSZone xsi:nil="true"></UPSZone>
          <UTCOffset xsi:nil="true"></UTCOffset>
          <UTCConversionTimeZoneCode xsi:nil="true"></UTCConversionTimeZoneCode>
        </Address>
        <Address>
          <AddressNumber>2</AddressNumber>
          <AddressTypeCode xsi:nil="true"></AddressTypeCode>
          <City xsi:nil="true"></City>
          <County xsi:nil="true"></County>
          <Country xsi:nil="true"></Country>
          <Fax xsi:nil="true"></Fax>
          <FreightTermsCode xsi:nil="true"></FreightTermsCode>
          <ImportSequenceNumber xsi:nil="true"></ImportSequenceNumber>
          <Latitude xsi:nil="true"></Latitude>
          <Line1 xsi:nil="true"></Line1>
          <Line2 xsi:nil="true"></Line2>
          <Line3 xsi:nil="true"></Line3>
          <Longitude xsi:nil="true"></Longitude>
          <Name xsi:nil="true"></Name>
          <PostalCode xsi:nil="true"></PostalCode>
          <PostOfficeBox xsi:nil="true"></PostOfficeBox>
          <PrimaryContactName xsi:nil="true"></PrimaryContactName>
          <ShippingMethodCode xsi:nil="true"></ShippingMethodCode>
          <StateOrProvince xsi:nil="true"></StateOrProvince>
          <Telephone1 xsi:nil="true"></Telephone1>
          <Telephone2 xsi:nil="true"></Telephone2>
          <Telephone3 xsi:nil="true"></Telephone3>
          <TimeZoneRuleVersionNumber xsi:nil="true"></TimeZoneRuleVersionNumber>
          <UPSZone xsi:nil="true"></UPSZone>
          <UTCOffset xsi:nil="true"></UTCOffset>
          <UTCConversionTimeZoneCode xsi:nil="true"></UTCConversionTimeZoneCode>
        </Address>
      </Addresses>
    </Publisher>
    <RootComponents>
      <RootComponent type="1" schemaName="cr260_skill" behavior="0" />
      <RootComponent type="1" schemaName="opportunity" behavior="0" />
      <RootComponent type="1" schemaName="systemuser" behavior="0" />
      <RootComponent type="1" schemaName="team" behavior="0" />
      <RootComponent type="60" id="{f7e6d29b-1e3e-e711-80e1-00155d871bb4}" />
      <RootComponent type="61" schemaName="cr260_opportunityJs" behavior="0" />
      <RootComponent type="62" schemaName="cr260_BusinessScenario1" behavior="0" />
      <RootComponent type="80" schemaName="cr260_BusinessScenario1" behavior="0" />
    </RootComponents>
    <MissingDependencies>
      <MissingDependency>
        <Required type="1" schemaName="adx_webformsession" displayName="Multistep Form Session" solution="PowerPages_RuntimeCore (1.0.2308.4)">
          <package>PowerPages_Core (1.0.2310.71)</package>
        </Required>
        <Dependent type="1" schemaName="systemuser" displayName="User" />
      </MissingDependency>
      <MissingDependency>
        <Required type="1" schemaName="appusersetting" displayName="Model-Driven App User Setting" solution="AppModule (9.1.231055.231026002)" />
        <Dependent type="1" schemaName="systemuser" displayName="User" />
      </MissingDependency>
      <MissingDependency>
        <Required type="1" schemaName="bookableresource" displayName="Bookable Resource" solution="msdynce_Scheduling (9.0.0.0)" />
        <Dependent type="60" displayName="User" parentDisplayName="User" id="{c2cd9e55-d4b4-4b55-9951-16ead79643e5}" />
      </MissingDependency>
      <MissingDependency>
        <Required type="1" schemaName="bot" displayName="Chatbot" solution="PowerVirtualAgents (2.0.0.569)" />
        <Dependent type="1" schemaName="systemuser" displayName="User" />
      </MissingDependency>
      <MissingDependency>
        <Required type="1" schemaName="competitor" displayName="Competitor" solution="msdynce_Sales (9.0.4.0076)" />
        <Dependent type="60" displayName="Opportunity" parentDisplayName="Opportunity" id="{a837e4a7-01b8-4f82-a475-be9abd67e667}" />
      </MissingDependency>
      <MissingDependency>
        <Required type="1" schemaName="msdyn_agentcapacityprofileunit" displayName="Agent Capacity Profile Unit" solution="msdyn_AgentAvailabilityStatus (1.0.0.628)" />
        <Dependent type="1" schemaName="systemuser" displayName="User" />
      </MissingDependency>
      <MissingDependency>
        <Required type="1" schemaName="msdyn_agentcapacityupdatehistory" displayName="Agent capacity update history" solution="OCBaseURBase (1.1.0.324)" />
        <Dependent type="1" schemaName="systemuser" displayName="User" />
      </MissingDependency>
      <MissingDependency>
        <Required type="1" schemaName="msdyn_agentchannelstate" displayName="Agent Channel State" solution="msdyn_AgentAvailabilityStatus (1.0.0.628)" />
        <Dependent type="1" schemaName="systemuser" displayName="User" />
      </MissingDependency>
      <MissingDependency>
        <Required type="1" schemaName="msdyn_agentstatus" displayName="Agent Status" solution="msdyn_AgentAvailabilityStatus (1.0.0.628)" />
        <Dependent type="1" schemaName="systemuser" displayName="User" />
      </MissingDependency>
      <MissingDependency>
        <Required type="1" schemaName="msdyn_agentstatushistory" displayName="Agent Status history" solution="OmnichannelBase (1.10.0.33)" />
        <Dependent type="1" schemaName="systemuser" displayName="User" />
      </MissingDependency>
      <MissingDependency>
        <Required type="1" schemaName="msdyn_assignmentmap" displayName="Assignment Map" solution="msdyn_SalesRouting (9.1.2309.3001)" />
        <Dependent type="1" schemaName="systemuser" displayName="User" />
      </MissingDependency>
      <MissingDependency>
        <Required type="1" schemaName="msdyn_capacityprofile" displayName="Capacity Profile" solution="UnifiedRouting (1.0.0.4535)" />
        <Dependent type="60" displayName="User" parentDisplayName="User" id="{c2cd9e55-d4b4-4b55-9951-16ead79643e5}" />
      </MissingDependency>
      <MissingDependency>
        <Required type="1" schemaName="msdyn_conversationmessageblock" displayName="Conversation Message Block" solution="OmnichannelBase (1.10.0.33)" />
        <Dependent type="1" schemaName="systemuser" displayName="User" />
      </MissingDependency>
      <MissingDependency>
        <Required type="1" schemaName="msdyn_conversationparticipantinsights" displayName="Conversation Participant Insights" solution="msdyn_Conversation_Intelligence (9.0.1.1094)">
          <package>msdyn_SalesConversationIntelligenceAnchor (9.0.1.1094)</package>
        </Required>
        <Dependent type="1" schemaName="systemuser" displayName="User" />
      </MissingDependency>
      <MissingDependency>
        <Required type="1" schemaName="msdyn_customeremailcommunication" displayName="Customer email communication" solution="SICommon (9.0.2.4165)" />
        <Dependent type="1" schemaName="systemuser" displayName="User" />
      </MissingDependency>
      <MissingDependency>
        <Required type="1" schemaName="msdyn_dailyopportunitykpiitem" displayName="Daily kpis for Opportunity" solution="RelationshipAnalytics (9.0.3.3140)" />
        <Dependent type="1" schemaName="opportunity" displayName="Opportunity" />
      </MissingDependency>
      <MissingDependency>
        <Required type="1" schemaName="msdyn_dataanalyticsworkspace" displayName="Data Analytics Workspace" solution="msdyn_DataInsightsAndAnalytics (1.2.23269.1)" />
        <Dependent type="1" schemaName="systemuser" displayName="User" />
      </MissingDependency>
      <MissingDependency>
        <Required type="1" schemaName="msdyn_duplicateleadmapping" displayName="Duplicate Lead Mapping" solution="msdyn_leadhygiene (9.1.2309.3001)" />
        <Dependent type="1" schemaName="systemuser" displayName="User" />
      </MissingDependency>
      <MissingDependency>
        <Required type="1" schemaName="msdyn_forecast" displayName="Forecast" solution="msdyn_Forecasting (9.0.23083.10100)" />
        <Dependent type="1" schemaName="systemuser" displayName="User" />
      </MissingDependency>
      <MissingDependency>
        <Required type="1" schemaName="msdyn_liveconversation" displayName="Ongoing conversation (Deprecated)" solution="OmnichannelBase (1.10.0.33)" />
        <Dependent type="1" schemaName="systemuser" displayName="User" />
      </MissingDependency>
      <MissingDependency>
        <Required type="1" schemaName="msdyn_liveworkstream" displayName="Work Stream" solution="OmnichannelBase (1.10.0.33)" />
        <Dependent type="1" schemaName="systemuser" displayName="User" />
      </MissingDependency>
      <MissingDependency>
        <Required type="1" schemaName="msdyn_mostcontacted" displayName="Most Contacted" solution="RelationshipAnalytics (9.0.3.3140)" />
        <Dependent type="1" schemaName="opportunity" displayName="Opportunity" />
      </MissingDependency>
      <MissingDependency>
        <Required type="1" schemaName="msdyn_mostcontactedby" displayName="Most Contacted By" solution="RelationshipAnalytics (9.0.3.3140)" />
        <Dependent type="1" schemaName="opportunity" displayName="Opportunity" />
      </MissingDependency>
      <MissingDependency>
        <Required type="1" schemaName="msdyn_ocliveworkitem" displayName="Conversation" solution="OmnichannelBase (1.10.0.33)" />
        <Dependent type="1" schemaName="systemuser" displayName="User" />
      </MissingDependency>
      <MissingDependency>
        <Required type="1" schemaName="msdyn_ocliveworkitemcharacteristic" displayName="Conversation Characteristic" solution="OmnichannelSBR (1.5.0.18)" />
        <Dependent type="1" schemaName="systemuser" displayName="User" />
      </MissingDependency>
      <MissingDependency>
        <Required type="1" schemaName="msdyn_ocliveworkitemparticipant" displayName="Live Work Item Participant (Deprecated)" solution="OmnichannelBase (1.10.0.33)" />
        <Dependent type="1" schemaName="systemuser" displayName="User" />
      </MissingDependency>
      <MissingDependency>
        <Required type="1" schemaName="msdyn_ocruleitem" displayName="Rule Item" solution="OmnichannelBase (1.10.0.33)" />
        <Dependent type="1" schemaName="systemuser" displayName="User" />
      </MissingDependency>
      <MissingDependency>
        <Required type="1" schemaName="msdyn_ocsitrainingdata" displayName="Training record" solution="OCISBR (1.0.0.4518)" />
        <Dependent type="1" schemaName="systemuser" displayName="User" />
      </MissingDependency>
      <MissingDependency>
        <Required type="1" schemaName="msdyn_opportunitykpiitem" displayName="Opportunity KPI Item" solution="RelationshipAnalytics (9.0.3.3140)" />
        <Dependent type="1" schemaName="opportunity" displayName="Opportunity" />
      </MissingDependency>
      <MissingDependency>
        <Required type="1" schemaName="msdyn_opportunitykpiitem" displayName="Opportunity KPI Item" solution="RelationshipAnalytics (9.0.3.3140)" />
        <Dependent type="10" schemaName="msdyn_msdyn_opportunitykpiitem_opportunity_opportunitykpiid" displayName="msdyn_msdyn_opportunitykpiitem_opportunity_opportunitykpiid" parentSchemaName="msdyn_opportunitykpiitem" parentDisplayName="Opportunity KPI Item" />
      </MissingDependency>
      <MissingDependency>
        <Required type="1" schemaName="msdyn_preferredagent" displayName="Preferred Agent" solution="UnifiedRouting (1.0.0.4535)" />
        <Dependent type="1" schemaName="systemuser" displayName="User" />
      </MissingDependency>
      <MissingDependency>
        <Required type="1" schemaName="msdyn_presence" displayName="Presence" solution="OmnichannelBase (1.10.0.33)" />
        <Dependent type="10" schemaName="msdyn_msdyn_presence_systemuser" displayName="msdyn_msdyn_presence_systemuser" parentSchemaName="msdyn_presence" parentDisplayName="Presence" />
      </MissingDependency>
      <MissingDependency>
        <Required type="1" schemaName="msdyn_sabackupdiagnostic" displayName="sabackupdiagnostic" solution="msdyn_segment (9.1.2309.3001)" />
        <Dependent type="1" schemaName="opportunity" displayName="Opportunity" />
      </MissingDependency>
      <MissingDependency>
        <Required type="1" schemaName="msdyn_salescopilotinsight" displayName="Sales Copilot Insight" solution="msdyn_SalesCopilot (9.1.23093.10008)" />
        <Dependent type="1" schemaName="opportunity" displayName="Opportunity" />
      </MissingDependency>
      <MissingDependency>
        <Required type="1" schemaName="msdyn_salespremiumdemo" displayName="Sales Premium Demo" solution="msdyn_SalesPremiumSampleData (9.0.1.1275)" />
        <Dependent type="1" schemaName="opportunity" displayName="Opportunity" />
      </MissingDependency>
      <MissingDependency>
        <Required type="1" schemaName="msdyn_salesroutingdiagnostic" displayName="salesroutingdiagnostic" solution="msdyn_segment (9.1.2309.3001)" />
        <Dependent type="1" schemaName="opportunity" displayName="Opportunity" />
      </MissingDependency>
      <MissingDependency>
        <Required type="1" schemaName="msdyn_salesroutingrun" displayName="Sales routing run" solution="msdyn_SalesRouting (9.1.2309.3001)" />
        <Dependent type="1" schemaName="opportunity" displayName="Opportunity" />
      </MissingDependency>
      <MissingDependency>
        <Required type="1" schemaName="msdyn_salesroutingrun" displayName="Sales routing run" solution="msdyn_SalesRouting (9.1.2309.3001)" />
        <Dependent type="1" schemaName="systemuser" displayName="User" />
      </MissingDependency>
      <MissingDependency>
        <Required type="1" schemaName="msdyn_salesroutingrun" displayName="Sales routing run" solution="msdyn_SalesRouting (9.1.2309.3001)" />
        <Dependent type="1" schemaName="team" displayName="Team" />
      </MissingDependency>
      <MissingDependency>
        <Required type="1" schemaName="msdyn_salessuggestion" displayName="Insight" solution="msdyn_acceleratedsales (9.1.23093.10009)" />
        <Dependent type="1" schemaName="opportunity" displayName="Opportunity" />
      </MissingDependency>
      <MissingDependency>
        <Required type="1" schemaName="msdyn_segment" displayName="Segment" solution="msdyn_segment (9.1.2309.3001)" />
        <Dependent type="10" schemaName="msdyn_msdyn_segment_opportunity" displayName="msdyn_msdyn_segment_opportunity" parentSchemaName="msdyn_segment" parentDisplayName="Segment" />
      </MissingDependency>
      <MissingDependency>
        <Required type="1" schemaName="msdyn_sequencetarget" displayName="Sequence Target" solution="msdyn_Sequence (9.1.2309.3002)" />
        <Dependent type="1" schemaName="opportunity" displayName="Opportunity" />
      </MissingDependency>
      <MissingDependency>
        <Required type="1" schemaName="msdyn_sessionparticipant" displayName="Session participant" solution="OmnichannelBase (1.10.0.33)" />
        <Dependent type="1" schemaName="systemuser" displayName="User" />
      </MissingDependency>
      <MissingDependency>
        <Required type="1" schemaName="msdyn_shareasconfiguration" displayName="ShareAs Configuration" solution="msdyn_Forecasting (9.0.23083.10100)" />
        <Dependent type="1" schemaName="systemuser" displayName="User" />
      </MissingDependency>
      <MissingDependency>
        <Required type="1" schemaName="msdyn_suggestionprincipalobjectaccess" displayName="Suggestion Principal Object Access" solution="msdyn_SalesSuggestion (9.1.23093.10009)" />
        <Dependent type="1" schemaName="systemuser" displayName="User" />
      </MissingDependency>
      <MissingDependency>
        <Required type="1" schemaName="msdyn_swarmparticipant" displayName="Swarm participant" solution="msdyn_Swarming (9.0.23101.1021)" />
        <Dependent type="1" schemaName="systemuser" displayName="User" />
      </MissingDependency>
      <MissingDependency>
        <Required type="1" schemaName="msdyn_timespent" displayName="Time spent in BPF" solution="msdyn_PredictiveScoringCommon (9.0.23083.10001)" />
        <Dependent type="1" schemaName="opportunity" displayName="Opportunity" />
      </MissingDependency>
      <MissingDependency>
        <Required type="1" schemaName="msdyn_unifiedroutingrun" displayName="Routing diagnostic" solution="DecisionEngine (1.0.0.4357)" />
        <Dependent type="1" schemaName="systemuser" displayName="User" />
      </MissingDependency>
      <MissingDependency>
        <Required type="1" schemaName="msdyn_wallsavedqueryusersettings" displayName="Filter" solution="ActivityFeedsCore (9.0.0.0009)" />
        <Dependent type="1" schemaName="systemuser" displayName="User" />
      </MissingDependency>
      <MissingDependency>
        <Required type="1" schemaName="msdyn_wkwcolleaguesforcompany" displayName="wkwcolleaguesforcompany" solution="msdyn_connectiongraph (9.2.0.1037)" />
        <Dependent type="1" schemaName="systemuser" displayName="User" />
      </MissingDependency>
      <MissingDependency>
        <Required type="1" schemaName="msdyn_wkwcolleaguesforcontact" displayName="wkwcolleaguesforcontact" solution="msdyn_connectiongraph (9.2.0.1037)" />
        <Dependent type="1" schemaName="systemuser" displayName="User" />
      </MissingDependency>
      <MissingDependency>
        <Required type="1" schemaName="msfp_survey" displayName="Customer Voice survey" solution="MicrosoftFormsPro (2.0.0.43)" />
        <Dependent type="1" schemaName="systemuser" displayName="User" />
      </MissingDependency>
      <MissingDependency>
        <Required type="1" schemaName="mspp_adplacement" displayName="Ad Placement" solution="PowerPages_Apps (1.0.2309.1)">
          <package>PowerPages_Core (1.0.2310.71)</package>
        </Required>
        <Dependent type="1" schemaName="systemuser" displayName="User" />
      </MissingDependency>
      <MissingDependency>
        <Required type="1" schemaName="mspp_columnpermission" displayName="Column Permission" solution="PowerPages_Apps (1.0.2309.1)">
          <package>PowerPages_Core (1.0.2310.71)</package>
        </Required>
        <Dependent type="1" schemaName="systemuser" displayName="User" />
      </MissingDependency>
      <MissingDependency>
        <Required type="1" schemaName="mspp_columnpermissionprofile" displayName="Column Permission Profile" solution="PowerPages_Apps (1.0.2309.1)">
          <package>PowerPages_Core (1.0.2310.71)</package>
        </Required>
        <Dependent type="1" schemaName="systemuser" displayName="User" />
      </MissingDependency>
      <MissingDependency>
        <Required type="1" schemaName="mspp_contentsnippet" displayName="Content Snippet" solution="PowerPages_Apps (1.0.2309.1)">
          <package>PowerPages_Core (1.0.2310.71)</package>
        </Required>
        <Dependent type="1" schemaName="systemuser" displayName="User" />
      </MissingDependency>
      <MissingDependency>
        <Required type="1" schemaName="mspp_entityform" displayName="Basic Form" solution="PowerPages_Apps (1.0.2309.1)">
          <package>PowerPages_Core (1.0.2310.71)</package>
        </Required>
        <Dependent type="1" schemaName="systemuser" displayName="User" />
      </MissingDependency>
      <MissingDependency>
        <Required type="1" schemaName="mspp_entityformmetadata" displayName="Basic Form Metadata" solution="PowerPages_Apps (1.0.2309.1)">
          <package>PowerPages_Core (1.0.2310.71)</package>
        </Required>
        <Dependent type="1" schemaName="systemuser" displayName="User" />
      </MissingDependency>
      <MissingDependency>
        <Required type="1" schemaName="mspp_entitylist" displayName="List" solution="PowerPages_Apps (1.0.2309.1)">
          <package>PowerPages_Core (1.0.2310.71)</package>
        </Required>
        <Dependent type="1" schemaName="systemuser" displayName="User" />
      </MissingDependency>
      <MissingDependency>
        <Required type="1" schemaName="mspp_entitypermission" displayName="Table Permission" solution="PowerPages_Apps (1.0.2309.1)">
          <package>PowerPages_Core (1.0.2310.71)</package>
        </Required>
        <Dependent type="1" schemaName="systemuser" displayName="User" />
      </MissingDependency>
      <MissingDependency>
        <Required type="1" schemaName="mspp_pagetemplate" displayName="Page Template" solution="PowerPages_Apps (1.0.2309.1)">
          <package>PowerPages_Core (1.0.2310.71)</package>
        </Required>
        <Dependent type="1" schemaName="systemuser" displayName="User" />
      </MissingDependency>
      <MissingDependency>
        <Required type="1" schemaName="mspp_pollplacement" displayName="Poll Placement" solution="PowerPages_Apps (1.0.2309.1)">
          <package>PowerPages_Core (1.0.2310.71)</package>
        </Required>
        <Dependent type="1" schemaName="systemuser" displayName="User" />
      </MissingDependency>
      <MissingDependency>
        <Required type="1" schemaName="mspp_publishingstate" displayName="Publishing State" solution="PowerPages_Apps (1.0.2309.1)">
          <package>PowerPages_Core (1.0.2310.71)</package>
        </Required>
        <Dependent type="1" schemaName="systemuser" displayName="User" />
      </MissingDependency>
      <MissingDependency>
        <Required type="1" schemaName="mspp_publishingstatetransitionrule" displayName="Publishing State Transition Rule" solution="PowerPages_Apps (1.0.2309.1)">
          <package>PowerPages_Core (1.0.2310.71)</package>
        </Required>
        <Dependent type="1" schemaName="systemuser" displayName="User" />
      </MissingDependency>
      <MissingDependency>
        <Required type="1" schemaName="mspp_redirect" displayName="Redirect" solution="PowerPages_Apps (1.0.2309.1)">
          <package>PowerPages_Core (1.0.2310.71)</package>
        </Required>
        <Dependent type="1" schemaName="systemuser" displayName="User" />
      </MissingDependency>
      <MissingDependency>
        <Required type="1" schemaName="mspp_shortcut" displayName="Shortcut" solution="PowerPages_Apps (1.0.2309.1)">
          <package>PowerPages_Core (1.0.2310.71)</package>
        </Required>
        <Dependent type="1" schemaName="systemuser" displayName="User" />
      </MissingDependency>
      <MissingDependency>
        <Required type="1" schemaName="mspp_sitemarker" displayName="Site Marker" solution="PowerPages_Apps (1.0.2309.1)">
          <package>PowerPages_Core (1.0.2310.71)</package>
        </Required>
        <Dependent type="1" schemaName="systemuser" displayName="User" />
      </MissingDependency>
      <MissingDependency>
        <Required type="1" schemaName="mspp_sitesetting" displayName="Site Setting" solution="PowerPages_Apps (1.0.2309.1)">
          <package>PowerPages_Core (1.0.2310.71)</package>
        </Required>
        <Dependent type="1" schemaName="systemuser" displayName="User" />
      </MissingDependency>
      <MissingDependency>
        <Required type="1" schemaName="mspp_webfile" displayName="Web File" solution="PowerPages_Apps (1.0.2309.1)">
          <package>PowerPages_Core (1.0.2310.71)</package>
        </Required>
        <Dependent type="1" schemaName="systemuser" displayName="User" />
      </MissingDependency>
      <MissingDependency>
        <Required type="1" schemaName="mspp_webform" displayName="Multistep Form" solution="PowerPages_Apps (1.0.2309.1)">
          <package>PowerPages_Core (1.0.2310.71)</package>
        </Required>
        <Dependent type="1" schemaName="systemuser" displayName="User" />
      </MissingDependency>
      <MissingDependency>
        <Required type="1" schemaName="mspp_webformmetadata" displayName="Multistep Form Metadata" solution="PowerPages_Apps (1.0.2309.1)">
          <package>PowerPages_Core (1.0.2310.71)</package>
        </Required>
        <Dependent type="1" schemaName="systemuser" displayName="User" />
      </MissingDependency>
      <MissingDependency>
        <Required type="1" schemaName="mspp_webformstep" displayName="Form Step" solution="PowerPages_Apps (1.0.2309.1)">
          <package>PowerPages_Core (1.0.2310.71)</package>
        </Required>
        <Dependent type="1" schemaName="systemuser" displayName="User" />
      </MissingDependency>
      <MissingDependency>
        <Required type="1" schemaName="mspp_weblink" displayName="Web Link" solution="PowerPages_Apps (1.0.2309.1)">
          <package>PowerPages_Core (1.0.2310.71)</package>
        </Required>
        <Dependent type="1" schemaName="systemuser" displayName="User" />
      </MissingDependency>
      <MissingDependency>
        <Required type="1" schemaName="mspp_weblinkset" displayName="Web Link Set" solution="PowerPages_Apps (1.0.2309.1)">
          <package>PowerPages_Core (1.0.2310.71)</package>
        </Required>
        <Dependent type="1" schemaName="systemuser" displayName="User" />
      </MissingDependency>
      <MissingDependency>
        <Required type="1" schemaName="mspp_webpage" displayName="Web Page" solution="PowerPages_Apps (1.0.2309.1)">
          <package>PowerPages_Core (1.0.2310.71)</package>
        </Required>
        <Dependent type="1" schemaName="systemuser" displayName="User" />
      </MissingDependency>
      <MissingDependency>
        <Required type="1" schemaName="mspp_webpageaccesscontrolrule" displayName="Web Page Access Control Rule" solution="PowerPages_Apps (1.0.2309.1)">
          <package>PowerPages_Core (1.0.2310.71)</package>
        </Required>
        <Dependent type="1" schemaName="systemuser" displayName="User" />
      </MissingDependency>
      <MissingDependency>
        <Required type="1" schemaName="mspp_webrole" displayName="Web Role" solution="PowerPages_Apps (1.0.2309.1)">
          <package>PowerPages_Core (1.0.2310.71)</package>
        </Required>
        <Dependent type="1" schemaName="systemuser" displayName="User" />
      </MissingDependency>
      <MissingDependency>
        <Required type="1" schemaName="mspp_website" displayName="Website" solution="PowerPages_Apps (1.0.2309.1)">
          <package>PowerPages_Core (1.0.2310.71)</package>
        </Required>
        <Dependent type="1" schemaName="systemuser" displayName="User" />
      </MissingDependency>
      <MissingDependency>
        <Required type="1" schemaName="mspp_websiteaccess" displayName="Website Access" solution="PowerPages_Apps (1.0.2309.1)">
          <package>PowerPages_Core (1.0.2310.71)</package>
        </Required>
        <Dependent type="1" schemaName="systemuser" displayName="User" />
      </MissingDependency>
      <MissingDependency>
        <Required type="1" schemaName="mspp_websitelanguage" displayName="Website Language" solution="PowerPages_Apps (1.0.2309.1)">
          <package>PowerPages_Core (1.0.2310.71)</package>
        </Required>
        <Dependent type="1" schemaName="systemuser" displayName="User" />
      </MissingDependency>
      <MissingDependency>
        <Required type="1" schemaName="mspp_webtemplate" displayName="Web Template" solution="PowerPages_Apps (1.0.2309.1)">
          <package>PowerPages_Core (1.0.2310.71)</package>
        </Required>
        <Dependent type="1" schemaName="systemuser" displayName="User" />
      </MissingDependency>
      <MissingDependency>
        <Required type="1" schemaName="opportunity" displayName="Opportunity" solution="msdynce_Sales (9.0.4.0076)" />
        <Dependent type="1" schemaName="opportunity" displayName="Opportunity" />
      </MissingDependency>
      <MissingDependency>
        <Required type="1" schemaName="opportunityproduct" displayName="Opportunity Product" solution="msdynce_Sales (9.0.4.0076)" />
        <Dependent type="60" displayName="Information" parentDisplayName="Opportunity" id="{a2a56263-ec37-4991-a3b0-e7b37a71d818}" />
      </MissingDependency>
      <MissingDependency>
        <Required type="1" schemaName="opportunityproduct" displayName="Opportunity Product" solution="msdynce_Sales (9.0.4.0076)" />
        <Dependent type="60" displayName="Opportunity" parentDisplayName="Opportunity" id="{a837e4a7-01b8-4f82-a475-be9abd67e667}" />
      </MissingDependency>
      <MissingDependency>
        <Required type="1" schemaName="quote" displayName="Quote" solution="msdynce_Sales (9.0.4.0076)" />
        <Dependent type="60" displayName="Information" parentDisplayName="Opportunity" id="{a2a56263-ec37-4991-a3b0-e7b37a71d818}" />
      </MissingDependency>
      <MissingDependency>
        <Required type="1" schemaName="quote" displayName="Quote" solution="msdynce_Sales (9.0.4.0076)" />
        <Dependent type="60" displayName="Opportunity" parentDisplayName="Opportunity" id="{a837e4a7-01b8-4f82-a475-be9abd67e667}" />
      </MissingDependency>
      <MissingDependency>
        <Required type="1" schemaName="teammobileofflineprofilemembership" displayName="TeamMobileOfflineProfileMembership" solution="MobileOfflineMembership (1.0.0.3)" />
        <Dependent type="1" schemaName="team" displayName="Team" />
      </MissingDependency>
      <MissingDependency>
        <Required type="1" schemaName="usermobileofflineprofilemembership" displayName="UserMobileOfflineProfileMembership" solution="MobileOfflineMembership (1.0.0.3)" />
        <Dependent type="1" schemaName="systemuser" displayName="User" />
      </MissingDependency>
      <MissingDependency>
        <Required type="10" schemaName="msdyn_appconfiguration_systemuser" displayName="msdyn_appconfiguration_systemuser" parentSchemaName="msdyn_appconfiguration" parentDisplayName="App profile" solution="msdyn_AppProfileManager (10.1.23101.1006)" />
        <Dependent type="10" schemaName="msdyn_appconfiguration_systemuser" displayName="msdyn_appconfiguration_systemuser" parentSchemaName="msdyn_appconfiguration" parentDisplayName="App profile" />
      </MissingDependency>
      <MissingDependency>
        <Required type="10" schemaName="msdyn_msdyn_attributevalue_systemuser" displayName="msdyn_msdyn_attributevalue_systemuser" parentSchemaName="msdyn_attributevalue" parentDisplayName="Attribute Value" solution="msdyn_SalesRouting (9.1.2309.3001)" />
        <Dependent type="10" schemaName="msdyn_msdyn_attributevalue_systemuser" displayName="msdyn_msdyn_attributevalue_systemuser" parentSchemaName="msdyn_attributevalue" parentDisplayName="Attribute Value" />
      </MissingDependency>
      <MissingDependency>
        <Required type="10" schemaName="msdyn_ciprovider_systemuser_membership" displayName="msdyn_ciprovider_systemuser_membership" parentSchemaName="msdyn_ciprovider" parentDisplayName="Channel Integration Framework v1.0 Provider" solution="ChannelAPIIntegrationFramework (9.2.0.49)" />
        <Dependent type="10" schemaName="msdyn_ciprovider_systemuser_membership" displayName="msdyn_ciprovider_systemuser_membership" parentSchemaName="msdyn_ciprovider" parentDisplayName="Channel Integration Framework v1.0 Provider" />
      </MissingDependency>
      <MissingDependency>
        <Required type="10" schemaName="msdyn_msdyn_liveworkstream_systemuser" displayName="msdyn_msdyn_liveworkstream_systemuser" parentSchemaName="msdyn_liveworkstream" parentDisplayName="Work Stream" solution="msdyn_OmnichannelBotEnablerPatch (1.5.25.1)" />
        <Dependent type="10" schemaName="msdyn_msdyn_liveworkstream_systemuser" displayName="msdyn_msdyn_liveworkstream_systemuser" parentSchemaName="msdyn_liveworkstream" parentDisplayName="Work Stream" />
      </MissingDependency>
      <MissingDependency>
        <Required type="10" schemaName="msdyn_msdyn_opportunitykpiitem_opportunity_opportunitykpiid" displayName="msdyn_msdyn_opportunitykpiitem_opportunity_opportunitykpiid" parentSchemaName="msdyn_opportunitykpiitem" parentDisplayName="Opportunity KPI Item" solution="RelationshipAnalytics (9.0.3.3140)" />
        <Dependent type="10" schemaName="msdyn_msdyn_opportunitykpiitem_opportunity_opportunitykpiid" displayName="msdyn_msdyn_opportunitykpiitem_opportunity_opportunitykpiid" parentSchemaName="msdyn_opportunitykpiitem" parentDisplayName="Opportunity KPI Item" />
      </MissingDependency>
      <MissingDependency>
        <Required type="10" schemaName="msdyn_msdyn_predictivescore_opportunity" displayName="msdyn_msdyn_predictivescore_opportunity" parentSchemaName="msdyn_predictivescore" parentDisplayName="Predictive Score" solution="msdyn_PredictiveScoringCommon (9.0.23083.10001)" />
        <Dependent type="10" schemaName="msdyn_msdyn_predictivescore_opportunity" displayName="msdyn_msdyn_predictivescore_opportunity" parentSchemaName="msdyn_predictivescore" parentDisplayName="Predictive Score" />
      </MissingDependency>
      <MissingDependency>
        <Required type="10" schemaName="msdyn_msdyn_presence_systemuser" displayName="msdyn_msdyn_presence_systemuser" parentSchemaName="msdyn_presence" parentDisplayName="Presence" solution="OmnichannelBase (1.10.0.33)" />
        <Dependent type="10" schemaName="msdyn_msdyn_presence_systemuser" displayName="msdyn_msdyn_presence_systemuser" parentSchemaName="msdyn_presence" parentDisplayName="Presence" />
      </MissingDependency>
      <MissingDependency>
        <Required type="10" schemaName="msdyn_msdyn_presence_systemuser" displayName="msdyn_msdyn_presence_systemuser" parentSchemaName="msdyn_presence" parentDisplayName="Presence" solution="OmnichannelBase (1.10.0.33)" />
        <Dependent type="60" displayName="User" parentDisplayName="User" id="{c2cd9e55-d4b4-4b55-9951-16ead79643e5}" />
      </MissingDependency>
      <MissingDependency>
        <Required type="10" schemaName="msdyn_msdyn_segment_opportunity" displayName="msdyn_msdyn_segment_opportunity" parentSchemaName="msdyn_segment" parentDisplayName="Segment" solution="msdyn_segment (9.1.2309.3001)" />
        <Dependent type="10" schemaName="msdyn_msdyn_segment_opportunity" displayName="msdyn_msdyn_segment_opportunity" parentSchemaName="msdyn_segment" parentDisplayName="Segment" />
      </MissingDependency>
      <MissingDependency>
        <Required type="10" schemaName="msdyn_systemuser_msdyn_omnichannelqueue" displayName="msdyn_systemuser_msdyn_omnichannelqueue" parentSchemaName="systemuser" parentDisplayName="User" solution="OmnichannelBase (1.10.0.33)" />
        <Dependent type="10" schemaName="msdyn_systemuser_msdyn_omnichannelqueue" displayName="msdyn_systemuser_msdyn_omnichannelqueue" parentSchemaName="systemuser" parentDisplayName="User" />
      </MissingDependency>
      <MissingDependency>
        <Required type="2" schemaName="msdyn_name" displayName="Custom Entity Name" parentSchemaName="msdyn_opportunitykpiitem" parentDisplayName="Opportunity KPI Item" solution="RelationshipAnalytics (9.0.3.3140)" />
        <Dependent type="10" schemaName="msdyn_msdyn_opportunitykpiitem_opportunity_opportunitykpiid" displayName="msdyn_msdyn_opportunitykpiitem_opportunity_opportunitykpiid" parentSchemaName="msdyn_opportunitykpiitem" parentDisplayName="Opportunity KPI Item" />
      </MissingDependency>
      <MissingDependency>
        <Required type="2" schemaName="msdyn_opportunitykpiitemid" displayName="Unique Identifier for Entity Instances" parentSchemaName="msdyn_opportunitykpiitem" parentDisplayName="Opportunity KPI Item" solution="RelationshipAnalytics (9.0.3.3140)" />
        <Dependent type="10" schemaName="msdyn_msdyn_opportunitykpiitem_opportunity_opportunitykpiid" displayName="msdyn_msdyn_opportunitykpiitem_opportunity_opportunitykpiid" parentSchemaName="msdyn_opportunitykpiitem" parentDisplayName="Opportunity KPI Item" />
      </MissingDependency>
      <MissingDependency>
        <Required type="2" schemaName="msdyn_name" displayName="Name" parentSchemaName="msdyn_presence" parentDisplayName="Presence" solution="OmnichannelBase (1.10.0.33)" />
        <Dependent type="10" schemaName="msdyn_msdyn_presence_systemuser" displayName="msdyn_msdyn_presence_systemuser" parentSchemaName="msdyn_presence" parentDisplayName="Presence" />
      </MissingDependency>
      <MissingDependency>
        <Required type="2" schemaName="msdyn_presenceid" displayName="Presence" parentSchemaName="msdyn_presence" parentDisplayName="Presence" solution="OmnichannelBase (1.10.0.33)" />
        <Dependent type="10" schemaName="msdyn_msdyn_presence_systemuser" displayName="msdyn_msdyn_presence_systemuser" parentSchemaName="msdyn_presence" parentDisplayName="Presence" />
      </MissingDependency>
      <MissingDependency>
        <Required type="2" schemaName="msdyn_name" displayName="Segment name" parentSchemaName="msdyn_segment" parentDisplayName="Segment" solution="msdyn_segment (9.1.2309.3001)" />
        <Dependent type="10" schemaName="msdyn_msdyn_segment_opportunity" displayName="msdyn_msdyn_segment_opportunity" parentSchemaName="msdyn_segment" parentDisplayName="Segment" />
      </MissingDependency>
      <MissingDependency>
        <Required type="2" schemaName="msdyn_segmentid" displayName="segment" parentSchemaName="msdyn_segment" parentDisplayName="Segment" solution="msdyn_segment (9.1.2309.3001)" />
        <Dependent type="10" schemaName="msdyn_msdyn_segment_opportunity" displayName="msdyn_msdyn_segment_opportunity" parentSchemaName="msdyn_segment" parentDisplayName="Segment" />
      </MissingDependency>
      <MissingDependency>
        <Required type="2" schemaName="actualclosedate" displayName="Actual Close Date" parentSchemaName="opportunity" parentDisplayName="Opportunity" solution="msdynce_Sales (9.0.4.0076)" />
        <Dependent type="26" schemaName="New View" displayName="New View" parentSchemaName="opportunity" parentDisplayName="Opportunity" id="{0a2d9f3d-b77d-ee11-8178-002248816117}" />
      </MissingDependency>
      <MissingDependency>
        <Required type="2" schemaName="actualvalue" displayName="Actual Revenue" parentSchemaName="opportunity" parentDisplayName="Opportunity" solution="msdynce_Sales (9.0.4.0076)" />
        <Dependent type="26" schemaName="New View" displayName="New View" parentSchemaName="opportunity" parentDisplayName="Opportunity" id="{0a2d9f3d-b77d-ee11-8178-002248816117}" />
      </MissingDependency>
      <MissingDependency>
        <Required type="2" schemaName="budgetamount" displayName="Budget amount" parentSchemaName="opportunity" parentDisplayName="Opportunity" solution="msdynce_Sales (9.0.4.0076)" />
        <Dependent type="60" displayName="Opportunity" parentDisplayName="Opportunity" id="{a837e4a7-01b8-4f82-a475-be9abd67e667}" />
      </MissingDependency>
      <MissingDependency>
        <Required type="2" schemaName="campaignid" displayName="Source Campaign" parentSchemaName="opportunity" parentDisplayName="Opportunity" solution="msdynce_MarketingSales (9.0.4.29)" />
        <Dependent type="60" displayName="Information" parentDisplayName="Opportunity" id="{a2a56263-ec37-4991-a3b0-e7b37a71d818}" />
      </MissingDependency>
      <MissingDependency>
        <Required type="2" schemaName="closeprobability" displayName="Probability" parentSchemaName="opportunity" parentDisplayName="Opportunity" solution="msdynce_Sales (9.0.4.0076)" />
        <Dependent type="26" schemaName="My Open Opportunities" displayName="My Open Opportunities" parentSchemaName="opportunity" parentDisplayName="Opportunity" id="{00000000-0000-0000-00aa-000010003000}" />
      </MissingDependency>
      <MissingDependency>
        <Required type="2" schemaName="closeprobability" displayName="Probability" parentSchemaName="opportunity" parentDisplayName="Opportunity" solution="msdynce_Sales (9.0.4.0076)" />
        <Dependent type="26" schemaName="New View" displayName="New View" parentSchemaName="opportunity" parentDisplayName="Opportunity" id="{0a2d9f3d-b77d-ee11-8178-002248816117}" />
      </MissingDependency>
      <MissingDependency>
        <Required type="2" schemaName="closeprobability" displayName="Probability" parentSchemaName="opportunity" parentDisplayName="Opportunity" solution="msdynce_Sales (9.0.4.0076)" />
        <Dependent type="60" displayName="Information" parentDisplayName="Opportunity" id="{a2a56263-ec37-4991-a3b0-e7b37a71d818}" />
      </MissingDependency>
      <MissingDependency>
        <Required type="2" schemaName="currentsituation" displayName="Current Situation" parentSchemaName="opportunity" parentDisplayName="Opportunity" solution="msdynce_Sales (9.0.4.0076)" />
        <Dependent type="60" displayName="Opportunity" parentDisplayName="Opportunity" id="{a837e4a7-01b8-4f82-a475-be9abd67e667}" />
      </MissingDependency>
      <MissingDependency>
        <Required type="2" schemaName="customerid" displayName="Potential Customer" parentSchemaName="opportunity" parentDisplayName="Opportunity" solution="msdynce_Sales (9.0.4.0076)" />
        <Dependent type="2" schemaName="customerid" displayName="Potential Customer" parentSchemaName="opportunity" parentDisplayName="Opportunity" />
      </MissingDependency>
      <MissingDependency>
        <Required type="2" schemaName="customerid" displayName="Potential Customer" parentSchemaName="opportunity" parentDisplayName="Opportunity" solution="msdynce_Sales (9.0.4.0076)" />
        <Dependent type="26" schemaName="My Open Opportunities" displayName="My Open Opportunities" parentSchemaName="opportunity" parentDisplayName="Opportunity" id="{00000000-0000-0000-00aa-000010003000}" />
      </MissingDependency>
      <MissingDependency>
        <Required type="2" schemaName="customerid" displayName="Potential Customer" parentSchemaName="opportunity" parentDisplayName="Opportunity" solution="msdynce_Sales (9.0.4.0076)" />
        <Dependent type="26" schemaName="New View" displayName="New View" parentSchemaName="opportunity" parentDisplayName="Opportunity" id="{0a2d9f3d-b77d-ee11-8178-002248816117}" />
      </MissingDependency>
      <MissingDependency>
        <Required type="2" schemaName="customerid" displayName="Potential Customer" parentSchemaName="opportunity" parentDisplayName="Opportunity" solution="msdynce_Sales (9.0.4.0076)" />
        <Dependent type="60" displayName="Information" parentDisplayName="Opportunity" id="{a2a56263-ec37-4991-a3b0-e7b37a71d818}" />
      </MissingDependency>
      <MissingDependency>
        <Required type="2" schemaName="customerneed" displayName="Customer Need" parentSchemaName="opportunity" parentDisplayName="Opportunity" solution="msdynce_Sales (9.0.4.0076)" />
        <Dependent type="60" displayName="Opportunity" parentDisplayName="Opportunity" id="{a837e4a7-01b8-4f82-a475-be9abd67e667}" />
      </MissingDependency>
      <MissingDependency>
        <Required type="2" schemaName="description" displayName="Description" parentSchemaName="opportunity" parentDisplayName="Opportunity" solution="msdynce_Sales (9.0.4.0076)" />
        <Dependent type="60" displayName="Information" parentDisplayName="Opportunity" id="{a2a56263-ec37-4991-a3b0-e7b37a71d818}" />
      </MissingDependency>
      <MissingDependency>
        <Required type="2" schemaName="description" displayName="Description" parentSchemaName="opportunity" parentDisplayName="Opportunity" solution="msdynce_Sales (9.0.4.0076)" />
        <Dependent type="60" displayName="Opportunity" parentDisplayName="Opportunity" id="{a837e4a7-01b8-4f82-a475-be9abd67e667}" />
      </MissingDependency>
      <MissingDependency>
        <Required type="2" schemaName="discountamount" displayName="Opportunity Discount Amount" parentSchemaName="opportunity" parentDisplayName="Opportunity" solution="msdynce_Sales (9.0.4.0076)" />
        <Dependent type="60" displayName="Information" parentDisplayName="Opportunity" id="{a2a56263-ec37-4991-a3b0-e7b37a71d818}" />
      </MissingDependency>
      <MissingDependency>
        <Required type="2" schemaName="discountamount" displayName="Opportunity Discount Amount" parentSchemaName="opportunity" parentDisplayName="Opportunity" solution="msdynce_Sales (9.0.4.0076)" />
        <Dependent type="60" displayName="Opportunity" parentDisplayName="Opportunity" id="{a837e4a7-01b8-4f82-a475-be9abd67e667}" />
      </MissingDependency>
      <MissingDependency>
        <Required type="2" schemaName="discountpercentage" displayName="Opportunity Discount (%)" parentSchemaName="opportunity" parentDisplayName="Opportunity" solution="msdynce_Sales (9.0.4.0076)" />
        <Dependent type="60" displayName="Information" parentDisplayName="Opportunity" id="{a2a56263-ec37-4991-a3b0-e7b37a71d818}" />
      </MissingDependency>
      <MissingDependency>
        <Required type="2" schemaName="discountpercentage" displayName="Opportunity Discount (%)" parentSchemaName="opportunity" parentDisplayName="Opportunity" solution="msdynce_Sales (9.0.4.0076)" />
        <Dependent type="60" displayName="Opportunity" parentDisplayName="Opportunity" id="{a837e4a7-01b8-4f82-a475-be9abd67e667}" />
      </MissingDependency>
      <MissingDependency>
        <Required type="2" schemaName="emailaddress" displayName="Email Address" parentSchemaName="opportunity" parentDisplayName="Opportunity" solution="msdynce_Sales (9.0.4.0076)" />
        <Dependent type="26" schemaName="New View" displayName="New View" parentSchemaName="opportunity" parentDisplayName="Opportunity" id="{0a2d9f3d-b77d-ee11-8178-002248816117}" />
      </MissingDependency>
      <MissingDependency>
        <Required type="2" schemaName="estimatedclosedate" displayName="Est. close date" parentSchemaName="opportunity" parentDisplayName="Opportunity" solution="msdynce_Sales (9.0.4.0076)" />
        <Dependent type="26" schemaName="My Open Opportunities" displayName="My Open Opportunities" parentSchemaName="opportunity" parentDisplayName="Opportunity" id="{00000000-0000-0000-00aa-000010003000}" />
      </MissingDependency>
      <MissingDependency>
        <Required type="2" schemaName="estimatedclosedate" displayName="Est. close date" parentSchemaName="opportunity" parentDisplayName="Opportunity" solution="msdynce_Sales (9.0.4.0076)" />
        <Dependent type="26" schemaName="New View" displayName="New View" parentSchemaName="opportunity" parentDisplayName="Opportunity" id="{0a2d9f3d-b77d-ee11-8178-002248816117}" />
      </MissingDependency>
      <MissingDependency>
        <Required type="2" schemaName="estimatedclosedate" displayName="Est. close date" parentSchemaName="opportunity" parentDisplayName="Opportunity" solution="msdynce_Sales (9.0.4.0076)" />
        <Dependent type="60" displayName="Opportunity Quick View Form" parentDisplayName="Opportunity" id="{24b5ce86-1811-44c3-b1ad-90f7ea02d2d7}" />
      </MissingDependency>
      <MissingDependency>
        <Required type="2" schemaName="estimatedclosedate" displayName="Est. close date" parentSchemaName="opportunity" parentDisplayName="Opportunity" solution="msdynce_Sales (9.0.4.0076)" />
        <Dependent type="60" displayName="Information" parentDisplayName="Opportunity" id="{a2a56263-ec37-4991-a3b0-e7b37a71d818}" />
      </MissingDependency>
      <MissingDependency>
        <Required type="2" schemaName="estimatedclosedate" displayName="Est. close date" parentSchemaName="opportunity" parentDisplayName="Opportunity" solution="msdynce_Sales (9.0.4.0076)" />
        <Dependent type="60" displayName="Opportunity" parentDisplayName="Opportunity" id="{a837e4a7-01b8-4f82-a475-be9abd67e667}" />
      </MissingDependency>
      <MissingDependency>
        <Required type="2" schemaName="estimatedclosedate" displayName="Est. close date" parentSchemaName="opportunity" parentDisplayName="Opportunity" solution="msdynce_Sales (9.0.4.0076)" />
        <Dependent type="60" displayName="Opportunities Dashboard" parentDisplayName="Opportunity" id="{f7e6d29b-1e3e-e711-80e1-00155d871bb4}" />
      </MissingDependency>
      <MissingDependency>
        <Required type="2" schemaName="estimatedvalue" displayName="Est. revenue" parentSchemaName="opportunity" parentDisplayName="Opportunity" solution="msdynce_Sales (9.0.4.0076)" />
        <Dependent type="26" schemaName="My Open Opportunities" displayName="My Open Opportunities" parentSchemaName="opportunity" parentDisplayName="Opportunity" id="{00000000-0000-0000-00aa-000010003000}" />
      </MissingDependency>
      <MissingDependency>
        <Required type="2" schemaName="estimatedvalue" displayName="Est. revenue" parentSchemaName="opportunity" parentDisplayName="Opportunity" solution="msdynce_Sales (9.0.4.0076)" />
        <Dependent type="26" schemaName="New View" displayName="New View" parentSchemaName="opportunity" parentDisplayName="Opportunity" id="{0a2d9f3d-b77d-ee11-8178-002248816117}" />
      </MissingDependency>
      <MissingDependency>
        <Required type="2" schemaName="estimatedvalue" displayName="Est. revenue" parentSchemaName="opportunity" parentDisplayName="Opportunity" solution="msdynce_Sales (9.0.4.0076)" />
        <Dependent type="60" displayName="Opportunity Quick View Form" parentDisplayName="Opportunity" id="{24b5ce86-1811-44c3-b1ad-90f7ea02d2d7}" />
      </MissingDependency>
      <MissingDependency>
        <Required type="2" schemaName="estimatedvalue" displayName="Est. revenue" parentSchemaName="opportunity" parentDisplayName="Opportunity" solution="msdynce_Sales (9.0.4.0076)" />
        <Dependent type="60" displayName="Information" parentDisplayName="Opportunity" id="{a2a56263-ec37-4991-a3b0-e7b37a71d818}" />
      </MissingDependency>
      <MissingDependency>
        <Required type="2" schemaName="estimatedvalue" displayName="Est. revenue" parentSchemaName="opportunity" parentDisplayName="Opportunity" solution="msdynce_Sales (9.0.4.0076)" />
        <Dependent type="60" displayName="Opportunity" parentDisplayName="Opportunity" id="{a837e4a7-01b8-4f82-a475-be9abd67e667}" />
      </MissingDependency>
      <MissingDependency>
        <Required type="2" schemaName="freightamount" displayName="Freight Amount" parentSchemaName="opportunity" parentDisplayName="Opportunity" solution="msdynce_Sales (9.0.4.0076)" />
        <Dependent type="60" displayName="Information" parentDisplayName="Opportunity" id="{a2a56263-ec37-4991-a3b0-e7b37a71d818}" />
      </MissingDependency>
      <MissingDependency>
        <Required type="2" schemaName="freightamount" displayName="Freight Amount" parentSchemaName="opportunity" parentDisplayName="Opportunity" solution="msdynce_Sales (9.0.4.0076)" />
        <Dependent type="60" displayName="Opportunity" parentDisplayName="Opportunity" id="{a837e4a7-01b8-4f82-a475-be9abd67e667}" />
      </MissingDependency>
      <MissingDependency>
        <Required type="2" schemaName="isrevenuesystemcalculated" displayName="Revenue" parentSchemaName="opportunity" parentDisplayName="Opportunity" solution="msdynce_Sales (9.0.4.0076)" />
        <Dependent type="60" displayName="Information" parentDisplayName="Opportunity" id="{a2a56263-ec37-4991-a3b0-e7b37a71d818}" />
      </MissingDependency>
      <MissingDependency>
        <Required type="2" schemaName="isrevenuesystemcalculated" displayName="Revenue" parentSchemaName="opportunity" parentDisplayName="Opportunity" solution="msdynce_Sales (9.0.4.0076)" />
        <Dependent type="60" displayName="Opportunity" parentDisplayName="Opportunity" id="{a837e4a7-01b8-4f82-a475-be9abd67e667}" />
      </MissingDependency>
      <MissingDependency>
        <Required type="2" schemaName="msdyn_forecastcategory" displayName="Forecast category" parentSchemaName="opportunity" parentDisplayName="Opportunity" solution="msdyn_Forecasting (9.0.23083.10100)" />
        <Dependent type="60" displayName="Opportunity" parentDisplayName="Opportunity" id="{a837e4a7-01b8-4f82-a475-be9abd67e667}" />
      </MissingDependency>
      <MissingDependency>
        <Required type="2" schemaName="msdyn_opportunitykpiid" displayName="KPI" parentSchemaName="opportunity" parentDisplayName="Opportunity" solution="RelationshipAnalytics (9.0.3.3140)" />
        <Dependent type="10" schemaName="msdyn_msdyn_opportunitykpiitem_opportunity_opportunitykpiid" displayName="msdyn_msdyn_opportunitykpiitem_opportunity_opportunitykpiid" parentSchemaName="msdyn_opportunitykpiitem" parentDisplayName="Opportunity KPI Item" />
      </MissingDependency>
      <MissingDependency>
        <Required type="2" schemaName="msdyn_segmentid" displayName="Segment Id" parentSchemaName="opportunity" parentDisplayName="Opportunity" solution="msdyn_segment (9.1.2309.3001)" />
        <Dependent type="10" schemaName="msdyn_msdyn_segment_opportunity" displayName="msdyn_msdyn_segment_opportunity" parentSchemaName="msdyn_segment" parentDisplayName="Segment" />
      </MissingDependency>
      <MissingDependency>
        <Required type="2" schemaName="name" displayName="Topic" parentSchemaName="opportunity" parentDisplayName="Opportunity" solution="msdynce_Sales (9.0.4.0076)" />
        <Dependent type="26" schemaName="My Open Opportunities" displayName="My Open Opportunities" parentSchemaName="opportunity" parentDisplayName="Opportunity" id="{00000000-0000-0000-00aa-000010003000}" />
      </MissingDependency>
      <MissingDependency>
        <Required type="2" schemaName="name" displayName="Topic" parentSchemaName="opportunity" parentDisplayName="Opportunity" solution="msdynce_Sales (9.0.4.0076)" />
        <Dependent type="26" schemaName="New View" displayName="New View" parentSchemaName="opportunity" parentDisplayName="Opportunity" id="{0a2d9f3d-b77d-ee11-8178-002248816117}" />
      </MissingDependency>
      <MissingDependency>
        <Required type="2" schemaName="name" displayName="Topic" parentSchemaName="opportunity" parentDisplayName="Opportunity" solution="msdynce_Sales (9.0.4.0076)" />
        <Dependent type="60" displayName="Opportunity Quick View Form" parentDisplayName="Opportunity" id="{24b5ce86-1811-44c3-b1ad-90f7ea02d2d7}" />
      </MissingDependency>
      <MissingDependency>
        <Required type="2" schemaName="name" displayName="Topic" parentSchemaName="opportunity" parentDisplayName="Opportunity" solution="msdynce_Sales (9.0.4.0076)" />
        <Dependent type="60" displayName="Information" parentDisplayName="Opportunity" id="{a2a56263-ec37-4991-a3b0-e7b37a71d818}" />
      </MissingDependency>
      <MissingDependency>
        <Required type="2" schemaName="name" displayName="Topic" parentSchemaName="opportunity" parentDisplayName="Opportunity" solution="msdynce_Sales (9.0.4.0076)" />
        <Dependent type="60" displayName="Opportunity" parentDisplayName="Opportunity" id="{a837e4a7-01b8-4f82-a475-be9abd67e667}" />
      </MissingDependency>
      <MissingDependency>
        <Required type="2" schemaName="opportunityid" displayName="Opportunity" parentSchemaName="opportunity" parentDisplayName="Opportunity" solution="msdynce_Sales (9.0.4.0076)" />
        <Dependent type="26" schemaName="My Open Opportunities" displayName="My Open Opportunities" parentSchemaName="opportunity" parentDisplayName="Opportunity" id="{00000000-0000-0000-00aa-000010003000}" />
      </MissingDependency>
      <MissingDependency>
        <Required type="2" schemaName="opportunityid" displayName="Opportunity" parentSchemaName="opportunity" parentDisplayName="Opportunity" solution="msdynce_Sales (9.0.4.0076)" />
        <Dependent type="26" schemaName="New View" displayName="New View" parentSchemaName="opportunity" parentDisplayName="Opportunity" id="{0a2d9f3d-b77d-ee11-8178-002248816117}" />
      </MissingDependency>
      <MissingDependency>
        <Required type="2" schemaName="opportunityratingcode" displayName="Rating" parentSchemaName="opportunity" parentDisplayName="Opportunity" solution="msdynce_Sales (9.0.4.0076)" />
        <Dependent type="26" schemaName="My Open Opportunities" displayName="My Open Opportunities" parentSchemaName="opportunity" parentDisplayName="Opportunity" id="{00000000-0000-0000-00aa-000010003000}" />
      </MissingDependency>
      <MissingDependency>
        <Required type="2" schemaName="opportunityratingcode" displayName="Rating" parentSchemaName="opportunity" parentDisplayName="Opportunity" solution="msdynce_Sales (9.0.4.0076)" />
        <Dependent type="26" schemaName="New View" displayName="New View" parentSchemaName="opportunity" parentDisplayName="Opportunity" id="{0a2d9f3d-b77d-ee11-8178-002248816117}" />
      </MissingDependency>
      <MissingDependency>
        <Required type="2" schemaName="opportunityratingcode" displayName="Rating" parentSchemaName="opportunity" parentDisplayName="Opportunity" solution="msdynce_Sales (9.0.4.0076)" />
        <Dependent type="60" displayName="Information" parentDisplayName="Opportunity" id="{a2a56263-ec37-4991-a3b0-e7b37a71d818}" />
      </MissingDependency>
      <MissingDependency>
        <Required type="2" schemaName="originatingleadid" displayName="Originating Lead" parentSchemaName="opportunity" parentDisplayName="Opportunity" solution="msdynce_Sales (9.0.4.0076)" />
        <Dependent type="60" displayName="Information" parentDisplayName="Opportunity" id="{a2a56263-ec37-4991-a3b0-e7b37a71d818}" />
      </MissingDependency>
      <MissingDependency>
        <Required type="2" schemaName="ownerid" displayName="Owner" parentSchemaName="opportunity" parentDisplayName="Opportunity" solution="msdynce_Sales (9.0.4.0076)" />
        <Dependent type="26" schemaName="My Open Opportunities" displayName="My Open Opportunities" parentSchemaName="opportunity" parentDisplayName="Opportunity" id="{00000000-0000-0000-00aa-000010003000}" />
      </MissingDependency>
      <MissingDependency>
        <Required type="2" schemaName="ownerid" displayName="Owner" parentSchemaName="opportunity" parentDisplayName="Opportunity" solution="msdynce_Sales (9.0.4.0076)" />
        <Dependent type="60" displayName="Information" parentDisplayName="Opportunity" id="{a2a56263-ec37-4991-a3b0-e7b37a71d818}" />
      </MissingDependency>
      <MissingDependency>
        <Required type="2" schemaName="ownerid" displayName="Owner" parentSchemaName="opportunity" parentDisplayName="Opportunity" solution="msdynce_Sales (9.0.4.0076)" />
        <Dependent type="60" displayName="Opportunity" parentDisplayName="Opportunity" id="{a837e4a7-01b8-4f82-a475-be9abd67e667}" />
      </MissingDependency>
      <MissingDependency>
        <Required type="2" schemaName="parentaccountid" displayName="Account" parentSchemaName="opportunity" parentDisplayName="Opportunity" solution="msdynce_Sales (9.0.4.0076)" />
        <Dependent type="2" schemaName="customerid" displayName="Potential Customer" parentSchemaName="opportunity" parentDisplayName="Opportunity" />
      </MissingDependency>
      <MissingDependency>
        <Required type="2" schemaName="parentaccountid" displayName="Account" parentSchemaName="opportunity" parentDisplayName="Opportunity" solution="msdynce_Sales (9.0.4.0076)" />
        <Dependent type="26" schemaName="My Open Opportunities" displayName="My Open Opportunities" parentSchemaName="opportunity" parentDisplayName="Opportunity" id="{00000000-0000-0000-00aa-000010003000}" />
      </MissingDependency>
      <MissingDependency>
        <Required type="2" schemaName="parentaccountid" displayName="Account" parentSchemaName="opportunity" parentDisplayName="Opportunity" solution="msdynce_Sales (9.0.4.0076)" />
        <Dependent type="26" schemaName="New View" displayName="New View" parentSchemaName="opportunity" parentDisplayName="Opportunity" id="{0a2d9f3d-b77d-ee11-8178-002248816117}" />
      </MissingDependency>
      <MissingDependency>
        <Required type="2" schemaName="parentaccountid" displayName="Account" parentSchemaName="opportunity" parentDisplayName="Opportunity" solution="msdynce_Sales (9.0.4.0076)" />
        <Dependent type="60" displayName="Opportunity" parentDisplayName="Opportunity" id="{a837e4a7-01b8-4f82-a475-be9abd67e667}" />
      </MissingDependency>
      <MissingDependency>
        <Required type="2" schemaName="parentcontactid" displayName="Contact" parentSchemaName="opportunity" parentDisplayName="Opportunity" solution="msdynce_Sales (9.0.4.0076)" />
        <Dependent type="2" schemaName="customerid" displayName="Potential Customer" parentSchemaName="opportunity" parentDisplayName="Opportunity" />
      </MissingDependency>
      <MissingDependency>
        <Required type="2" schemaName="parentcontactid" displayName="Contact" parentSchemaName="opportunity" parentDisplayName="Opportunity" solution="msdynce_Sales (9.0.4.0076)" />
        <Dependent type="26" schemaName="My Open Opportunities" displayName="My Open Opportunities" parentSchemaName="opportunity" parentDisplayName="Opportunity" id="{00000000-0000-0000-00aa-000010003000}" />
      </MissingDependency>
      <MissingDependency>
        <Required type="2" schemaName="parentcontactid" displayName="Contact" parentSchemaName="opportunity" parentDisplayName="Opportunity" solution="msdynce_Sales (9.0.4.0076)" />
        <Dependent type="60" displayName="Opportunity" parentDisplayName="Opportunity" id="{a837e4a7-01b8-4f82-a475-be9abd67e667}" />
      </MissingDependency>
      <MissingDependency>
        <Required type="2" schemaName="pricelevelid" displayName="Price List" parentSchemaName="opportunity" parentDisplayName="Opportunity" solution="msdynce_Sales (9.0.4.0076)" />
        <Dependent type="60" displayName="Information" parentDisplayName="Opportunity" id="{a2a56263-ec37-4991-a3b0-e7b37a71d818}" />
      </MissingDependency>
      <MissingDependency>
        <Required type="2" schemaName="pricelevelid" displayName="Price List" parentSchemaName="opportunity" parentDisplayName="Opportunity" solution="msdynce_Sales (9.0.4.0076)" />
        <Dependent type="60" displayName="Opportunity" parentDisplayName="Opportunity" id="{a837e4a7-01b8-4f82-a475-be9abd67e667}" />
      </MissingDependency>
      <MissingDependency>
        <Required type="2" schemaName="proposedsolution" displayName="Proposed Solution" parentSchemaName="opportunity" parentDisplayName="Opportunity" solution="msdynce_Sales (9.0.4.0076)" />
        <Dependent type="60" displayName="Opportunity" parentDisplayName="Opportunity" id="{a837e4a7-01b8-4f82-a475-be9abd67e667}" />
      </MissingDependency>
      <MissingDependency>
        <Required type="2" schemaName="purchaseprocess" displayName="Purchase Process" parentSchemaName="opportunity" parentDisplayName="Opportunity" solution="msdynce_Sales (9.0.4.0076)" />
        <Dependent type="60" displayName="Opportunity" parentDisplayName="Opportunity" id="{a837e4a7-01b8-4f82-a475-be9abd67e667}" />
      </MissingDependency>
      <MissingDependency>
        <Required type="2" schemaName="purchasetimeframe" displayName="Purchase Timeframe" parentSchemaName="opportunity" parentDisplayName="Opportunity" solution="msdynce_Sales (9.0.4.0076)" />
        <Dependent type="60" displayName="Opportunity" parentDisplayName="Opportunity" id="{a837e4a7-01b8-4f82-a475-be9abd67e667}" />
      </MissingDependency>
      <MissingDependency>
        <Required type="2" schemaName="statecode" displayName="Status" parentSchemaName="opportunity" parentDisplayName="Opportunity" solution="msdynce_Sales (9.0.4.0076)" />
        <Dependent type="26" schemaName="My Open Opportunities" displayName="My Open Opportunities" parentSchemaName="opportunity" parentDisplayName="Opportunity" id="{00000000-0000-0000-00aa-000010003000}" />
      </MissingDependency>
      <MissingDependency>
        <Required type="2" schemaName="statecode" displayName="Status" parentSchemaName="opportunity" parentDisplayName="Opportunity" solution="msdynce_Sales (9.0.4.0076)" />
        <Dependent type="26" schemaName="New View" displayName="New View" parentSchemaName="opportunity" parentDisplayName="Opportunity" id="{0a2d9f3d-b77d-ee11-8178-002248816117}" />
      </MissingDependency>
      <MissingDependency>
        <Required type="2" schemaName="statuscode" displayName="Status Reason" parentSchemaName="opportunity" parentDisplayName="Opportunity" solution="msdynce_Sales (9.0.4.0076)" />
        <Dependent type="60" displayName="Information" parentDisplayName="Opportunity" id="{a2a56263-ec37-4991-a3b0-e7b37a71d818}" />
      </MissingDependency>
      <MissingDependency>
        <Required type="2" schemaName="stepname" displayName="Pipeline Phase" parentSchemaName="opportunity" parentDisplayName="Opportunity" solution="msdynce_Sales (9.0.4.0076)" />
        <Dependent type="60" displayName="Opportunity Quick View Form" parentDisplayName="Opportunity" id="{24b5ce86-1811-44c3-b1ad-90f7ea02d2d7}" />
      </MissingDependency>
      <MissingDependency>
        <Required type="2" schemaName="totalamount" displayName="Total Amount" parentSchemaName="opportunity" parentDisplayName="Opportunity" solution="msdynce_Sales (9.0.4.0076)" />
        <Dependent type="60" displayName="Information" parentDisplayName="Opportunity" id="{a2a56263-ec37-4991-a3b0-e7b37a71d818}" />
      </MissingDependency>
      <MissingDependency>
        <Required type="2" schemaName="totalamount" displayName="Total Amount" parentSchemaName="opportunity" parentDisplayName="Opportunity" solution="msdynce_Sales (9.0.4.0076)" />
        <Dependent type="60" displayName="Opportunity" parentDisplayName="Opportunity" id="{a837e4a7-01b8-4f82-a475-be9abd67e667}" />
      </MissingDependency>
      <MissingDependency>
        <Required type="2" schemaName="totalamountlessfreight" displayName="Total Pre-Freight Amount" parentSchemaName="opportunity" parentDisplayName="Opportunity" solution="msdynce_Sales (9.0.4.0076)" />
        <Dependent type="60" displayName="Information" parentDisplayName="Opportunity" id="{a2a56263-ec37-4991-a3b0-e7b37a71d818}" />
      </MissingDependency>
      <MissingDependency>
        <Required type="2" schemaName="totalamountlessfreight" displayName="Total Pre-Freight Amount" parentSchemaName="opportunity" parentDisplayName="Opportunity" solution="msdynce_Sales (9.0.4.0076)" />
        <Dependent type="60" displayName="Opportunity" parentDisplayName="Opportunity" id="{a837e4a7-01b8-4f82-a475-be9abd67e667}" />
      </MissingDependency>
      <MissingDependency>
        <Required type="2" schemaName="totallineitemamount" displayName="Total Detail Amount" parentSchemaName="opportunity" parentDisplayName="Opportunity" solution="msdynce_Sales (9.0.4.0076)" />
        <Dependent type="60" displayName="Information" parentDisplayName="Opportunity" id="{a2a56263-ec37-4991-a3b0-e7b37a71d818}" />
      </MissingDependency>
      <MissingDependency>
        <Required type="2" schemaName="totallineitemamount" displayName="Total Detail Amount" parentSchemaName="opportunity" parentDisplayName="Opportunity" solution="msdynce_Sales (9.0.4.0076)" />
        <Dependent type="60" displayName="Opportunity" parentDisplayName="Opportunity" id="{a837e4a7-01b8-4f82-a475-be9abd67e667}" />
      </MissingDependency>
      <MissingDependency>
        <Required type="2" schemaName="totaltax" displayName="Total Tax" parentSchemaName="opportunity" parentDisplayName="Opportunity" solution="msdynce_Sales (9.0.4.0076)" />
        <Dependent type="60" displayName="Information" parentDisplayName="Opportunity" id="{a2a56263-ec37-4991-a3b0-e7b37a71d818}" />
      </MissingDependency>
      <MissingDependency>
        <Required type="2" schemaName="totaltax" displayName="Total Tax" parentSchemaName="opportunity" parentDisplayName="Opportunity" solution="msdynce_Sales (9.0.4.0076)" />
        <Dependent type="60" displayName="Opportunity" parentDisplayName="Opportunity" id="{a837e4a7-01b8-4f82-a475-be9abd67e667}" />
      </MissingDependency>
      <MissingDependency>
        <Required type="2" schemaName="transactioncurrencyid" displayName="Currency" parentSchemaName="opportunity" parentDisplayName="Opportunity" solution="msdynce_Sales (9.0.4.0076)" />
        <Dependent type="60" displayName="Information" parentDisplayName="Opportunity" id="{a2a56263-ec37-4991-a3b0-e7b37a71d818}" />
      </MissingDependency>
      <MissingDependency>
        <Required type="2" schemaName="transactioncurrencyid" displayName="Currency" parentSchemaName="opportunity" parentDisplayName="Opportunity" solution="msdynce_Sales (9.0.4.0076)" />
        <Dependent type="60" displayName="Opportunity" parentDisplayName="Opportunity" id="{a837e4a7-01b8-4f82-a475-be9abd67e667}" />
      </MissingDependency>
      <MissingDependency>
        <Required type="2" schemaName="parentbundleidref" displayName="Parent bundle product" parentSchemaName="opportunityproduct" parentDisplayName="Opportunity Product" solution="msdynce_SalesPatch (9.0.1904.3002)" />
        <Dependent type="60" displayName="Opportunity" parentDisplayName="Opportunity" id="{a837e4a7-01b8-4f82-a475-be9abd67e667}" />
      </MissingDependency>
      <MissingDependency>
        <Required type="2" schemaName="msdyn_agentType" displayName="User type" parentSchemaName="systemuser" parentDisplayName="User" solution="OmnichannelBotEnabler (1.5.0.4)" />
        <Dependent type="60" displayName="User" parentDisplayName="User" id="{c2cd9e55-d4b4-4b55-9951-16ead79643e5}" />
      </MissingDependency>
      <MissingDependency>
        <Required type="2" schemaName="msdyn_botapplicationid" displayName="Bot application ID" parentSchemaName="systemuser" parentDisplayName="User" solution="OmnichannelBotEnabler (1.5.0.4)" />
        <Dependent type="60" displayName="User" parentDisplayName="User" id="{c2cd9e55-d4b4-4b55-9951-16ead79643e5}" />
      </MissingDependency>
      <MissingDependency>
        <Required type="2" schemaName="msdyn_botdescription" displayName="Description" parentSchemaName="systemuser" parentDisplayName="User" solution="OmnichannelBase (1.10.0.33)" />
        <Dependent type="60" displayName="User" parentDisplayName="User" id="{c2cd9e55-d4b4-4b55-9951-16ead79643e5}" />
      </MissingDependency>
      <MissingDependency>
        <Required type="2" schemaName="msdyn_botprovider" displayName="Bot Provider" parentSchemaName="systemuser" parentDisplayName="User" solution="msdyn_OmnichannelBotEnablerPatch (1.5.25.1)" />
        <Dependent type="60" displayName="User" parentDisplayName="User" id="{c2cd9e55-d4b4-4b55-9951-16ead79643e5}" />
      </MissingDependency>
      <MissingDependency>
        <Required type="2" schemaName="msdyn_capacity" displayName="Capacity" parentSchemaName="systemuser" parentDisplayName="User" solution="OmnichannelBase (1.10.0.33)" />
        <Dependent type="60" displayName="User" parentDisplayName="User" id="{c2cd9e55-d4b4-4b55-9951-16ead79643e5}" />
      </MissingDependency>
      <MissingDependency>
        <Required type="2" schemaName="msdyn_defaultpresenceiduser" displayName="Default Presence" parentSchemaName="systemuser" parentDisplayName="User" solution="OmnichannelBase (1.10.0.33)" />
        <Dependent type="10" schemaName="msdyn_msdyn_presence_systemuser" displayName="msdyn_msdyn_presence_systemuser" parentSchemaName="msdyn_presence" parentDisplayName="Presence" />
      </MissingDependency>
      <MissingDependency>
        <Required type="2" schemaName="msdyn_defaultpresenceiduser" displayName="Default Presence" parentSchemaName="systemuser" parentDisplayName="User" solution="OmnichannelBase (1.10.0.33)" />
        <Dependent type="60" displayName="User" parentDisplayName="User" id="{c2cd9e55-d4b4-4b55-9951-16ead79643e5}" />
      </MissingDependency>
      <MissingDependency>
        <Required type="2" schemaName="siteid" displayName="Site" parentSchemaName="systemuser" parentDisplayName="User" solution="msdynce_Service (9.0.5.56)" />
        <Dependent type="60" displayName="Information" parentDisplayName="User" id="{c0d7d7dd-afd0-4675-85fe-1cc5a48be6df}" />
      </MissingDependency>
      <MissingDependency>
        <Required type="2" schemaName="siteid" displayName="Site" parentSchemaName="systemuser" parentDisplayName="User" solution="msdynce_Service (9.0.5.56)" />
        <Dependent type="60" displayName="User" parentDisplayName="User" id="{c2cd9e55-d4b4-4b55-9951-16ead79643e5}" />
      </MissingDependency>
      <MissingDependency>
        <Required type="2" schemaName="territoryid" displayName="Territory" parentSchemaName="systemuser" parentDisplayName="User" solution="msdynce_AppCommon (9.0.4.0066)" />
        <Dependent type="60" displayName="Information" parentDisplayName="User" id="{c0d7d7dd-afd0-4675-85fe-1cc5a48be6df}" />
      </MissingDependency>
      <MissingDependency>
        <Required type="2" schemaName="territoryid" displayName="Territory" parentSchemaName="systemuser" parentDisplayName="User" solution="msdynce_AppCommon (9.0.4.0066)" />
        <Dependent type="60" displayName="User" parentDisplayName="User" id="{c2cd9e55-d4b4-4b55-9951-16ead79643e5}" />
      </MissingDependency>
      <MissingDependency>
        <Required type="2" schemaName="membershiptype" displayName="Membership Type" parentSchemaName="team" parentDisplayName="Team" solution="AuthorizationCore (1.98.0.0)" />
        <Dependent type="60" displayName="Team" parentDisplayName="Team" id="{7ba7fac1-1418-4335-935f-f7f8dfd73fcc}" />
      </MissingDependency>
      <MissingDependency>
        <Required type="26" schemaName="My Open Opportunities" displayName="My Open Opportunities" parentSchemaName="opportunity" parentDisplayName="Opportunity" solution="msdynce_Sales (9.0.4.0076)" id="{00000000-0000-0000-00aa-000010003000}" />
        <Dependent type="26" schemaName="My Open Opportunities" displayName="My Open Opportunities" parentSchemaName="opportunity" parentDisplayName="Opportunity" id="{00000000-0000-0000-00aa-000010003000}" />
      </MissingDependency>
      <MissingDependency>
        <Required type="26" schemaName="Open Opportunities" displayName="Open Opportunities" parentSchemaName="opportunity" parentDisplayName="Opportunity" solution="msdynce_Sales (9.0.4.0076)" id="{00000000-0000-0000-00aa-000010003001}" />
        <Dependent type="60" displayName="Opportunities Dashboard" parentDisplayName="Opportunity" id="{f7e6d29b-1e3e-e711-80e1-00155d871bb4}" />
      </MissingDependency>
      <MissingDependency>
        <Required type="26" schemaName="Closed Opportunities" displayName="Closed Opportunities" parentSchemaName="opportunity" parentDisplayName="Opportunity" solution="msdynce_Sales (9.0.4.0076)" id="{00000000-0000-0000-00aa-000010003006}" />
        <Dependent type="60" displayName="Opportunities Dashboard" parentDisplayName="Opportunity" id="{f7e6d29b-1e3e-e711-80e1-00155d871bb4}" />
      </MissingDependency>
      <MissingDependency>
        <Required type="26" schemaName="Opportunity Product Inline Edit View" displayName="Opportunity Product Inline Edit View" parentSchemaName="opportunityproduct" parentDisplayName="Opportunity Product" solution="msdynce_Sales (9.0.4.0076)" id="{01010de7-749e-4fe6-8037-aca560a4fcbe}" />
        <Dependent type="60" displayName="Information" parentDisplayName="Opportunity" id="{a2a56263-ec37-4991-a3b0-e7b37a71d818}" />
      </MissingDependency>
      <MissingDependency>
        <Required type="26" schemaName="Opportunity Product Inline Edit View" displayName="Opportunity Product Inline Edit View" parentSchemaName="opportunityproduct" parentDisplayName="Opportunity Product" solution="msdynce_Sales (9.0.4.0076)" id="{01010de7-749e-4fe6-8037-aca560a4fcbe}" />
        <Dependent type="60" displayName="Opportunity" parentDisplayName="Opportunity" id="{a837e4a7-01b8-4f82-a475-be9abd67e667}" />
      </MissingDependency>
      <MissingDependency>
        <Required type="26" schemaName="Omnichannel queues" displayName="Omnichannel queues" parentSchemaName="queue" parentDisplayName="Queue" solution="OmnichannelBase (1.10.0.33)" id="{475ba760-c16c-e911-8196-000d3af7379e}" />
        <Dependent type="60" displayName="User" parentDisplayName="User" id="{c2cd9e55-d4b4-4b55-9951-16ead79643e5}" />
      </MissingDependency>
      <MissingDependency>
        <Required type="26" schemaName="All Competitors (summary)" displayName="All Competitors (summary)" parentSchemaName="competitor" parentDisplayName="Competitor" solution="msdynce_Sales (9.0.4.0076)" id="{57bca9ac-87a0-4c28-adc8-2d0a4645f29e}" />
        <Dependent type="60" displayName="Opportunity" parentDisplayName="Opportunity" id="{a837e4a7-01b8-4f82-a475-be9abd67e667}" />
      </MissingDependency>
      <MissingDependency>
        <Required type="26" schemaName="Active Capacity Profiles" displayName="Active Capacity Profiles" parentSchemaName="msdyn_capacityprofile" parentDisplayName="Capacity Profile" solution="UnifiedRouting (1.0.0.4535)" id="{59137c65-5747-433b-8a7d-fd1dc252f13f}" />
        <Dependent type="60" displayName="User" parentDisplayName="User" id="{c2cd9e55-d4b4-4b55-9951-16ead79643e5}" />
      </MissingDependency>
      <MissingDependency>
        <Required type="26" schemaName="Opportunity Quotes" displayName="Opportunity Quotes" parentSchemaName="quote" parentDisplayName="Quote" solution="msdynce_Sales (9.0.4.0076)" id="{61a4c932-d775-e211-b420-00155d806600}" />
        <Dependent type="60" displayName="Opportunity" parentDisplayName="Opportunity" id="{a837e4a7-01b8-4f82-a475-be9abd67e667}" />
      </MissingDependency>
      <MissingDependency>
        <Required type="26" schemaName="Capacity profile Subgrid View" displayName="Capacity profile Subgrid View" parentSchemaName="msdyn_capacityprofile" parentDisplayName="Capacity Profile" solution="OCBaseURBase (1.1.0.324)" id="{6313eed9-e160-eb11-a812-000d3a9bbc54}" />
        <Dependent type="60" displayName="User" parentDisplayName="User" id="{c2cd9e55-d4b4-4b55-9951-16ead79643e5}" />
      </MissingDependency>
      <MissingDependency>
        <Required type="26" schemaName="Quote Associated View" displayName="Quote Associated View" parentSchemaName="quote" parentDisplayName="Quote" solution="msdynce_Sales (9.0.4.0076)" id="{642095db-91dd-4813-bb31-665a3a2bae61}" />
        <Dependent type="60" displayName="Information" parentDisplayName="Opportunity" id="{a2a56263-ec37-4991-a3b0-e7b37a71d818}" />
      </MissingDependency>
      <MissingDependency>
        <Required type="26" schemaName="Active Bookable Resources" displayName="Active Bookable Resources" parentSchemaName="bookableresource" parentDisplayName="Bookable Resource" solution="msdynce_Scheduling (9.0.0.0)" id="{662706ca-6ec0-4c0e-a281-521161be48fa}" />
        <Dependent type="60" displayName="User" parentDisplayName="User" id="{c2cd9e55-d4b4-4b55-9951-16ead79643e5}" />
      </MissingDependency>
      <MissingDependency>
        <Required type="26" schemaName="All Opportunities" displayName="All Opportunities" parentSchemaName="opportunity" parentDisplayName="Opportunity" solution="msdynce_Sales (9.0.4.0076)" id="{c6f6fc1b-1b3e-e711-80e1-00155d871bb4}" />
        <Dependent type="60" displayName="Opportunities Dashboard" parentDisplayName="Opportunity" id="{f7e6d29b-1e3e-e711-80e1-00155d871bb4}" />
      </MissingDependency>
      <MissingDependency>
        <Required type="26" schemaName="Opportunity Product Inline Edit View: Bundle Products" displayName="Opportunity Product Inline Edit View: Bundle Products" parentSchemaName="opportunityproduct" parentDisplayName="Opportunity Product" solution="msdynce_SalesPatch (9.0.1904.3002)" id="{e175dfbf-8eae-4af2-9dd2-68c43c14d40f}" />
        <Dependent type="60" displayName="Opportunity" parentDisplayName="Opportunity" id="{a837e4a7-01b8-4f82-a475-be9abd67e667}" />
      </MissingDependency>
      <MissingDependency>
        <Required type="59" schemaName="Opportunities by Pipeline Phase" displayName="Opportunities by Pipeline Phase" parentSchemaName="opportunity" parentDisplayName="Opportunity" solution="msdynce_Sales (9.0.4.0076)" id="{166785b0-073a-e711-80e3-00155d42a416}" />
        <Dependent type="60" displayName="Opportunities Dashboard" parentDisplayName="Opportunity" id="{f7e6d29b-1e3e-e711-80e1-00155d871bb4}" />
      </MissingDependency>
      <MissingDependency>
        <Required type="59" schemaName="Opportunities by Status – Column Chart" displayName="Opportunities by Status – Column Chart" parentSchemaName="opportunity" parentDisplayName="Opportunity" solution="msdynce_Sales (9.0.4.0076)" id="{4a534f35-1e3e-e711-80e1-00155d871bb4}" />
        <Dependent type="60" displayName="Opportunities Dashboard" parentDisplayName="Opportunity" id="{f7e6d29b-1e3e-e711-80e1-00155d871bb4}" />
      </MissingDependency>
      <MissingDependency>
        <Required type="59" schemaName="Opportunities by Account" displayName="Opportunities by Account" parentSchemaName="opportunity" parentDisplayName="Opportunity" solution="msdynce_Sales (9.0.4.0076)" id="{8ed63b02-1e3e-e711-80e1-00155d871bb4}" />
        <Dependent type="60" displayName="Opportunities Dashboard" parentDisplayName="Opportunity" id="{f7e6d29b-1e3e-e711-80e1-00155d871bb4}" />
      </MissingDependency>
      <MissingDependency>
        <Required type="59" schemaName="Opportunities by Rating" displayName="Opportunities by Rating" parentSchemaName="opportunity" parentDisplayName="Opportunity" solution="msdynce_Sales (9.0.4.0076)" id="{e91f96d7-1d3e-e711-80e1-00155d871bb4}" />
        <Dependent type="60" displayName="Opportunities Dashboard" parentDisplayName="Opportunity" id="{f7e6d29b-1e3e-e711-80e1-00155d871bb4}" />
      </MissingDependency>
      <MissingDependency>
        <Required type="60" displayName="Opportunity Quick View Form" parentDisplayName="Opportunity" solution="msdynce_Sales (9.0.4.0076)" id="{24b5ce86-1811-44c3-b1ad-90f7ea02d2d7}" />
        <Dependent type="60" displayName="Opportunity Quick View Form" parentDisplayName="Opportunity" id="{24b5ce86-1811-44c3-b1ad-90f7ea02d2d7}" />
      </MissingDependency>
      <MissingDependency>
        <Required type="60" displayName="Information" parentDisplayName="Opportunity" solution="msdynce_Sales (9.0.4.0076)" id="{a2a56263-ec37-4991-a3b0-e7b37a71d818}" />
        <Dependent type="60" displayName="Information" parentDisplayName="Opportunity" id="{a2a56263-ec37-4991-a3b0-e7b37a71d818}" />
      </MissingDependency>
      <MissingDependency>
        <Required type="60" displayName="Opportunity" parentDisplayName="Opportunity" solution="msdynce_Sales (9.0.4.0076)" id="{a837e4a7-01b8-4f82-a475-be9abd67e667}" />
        <Dependent type="60" displayName="Opportunity" parentDisplayName="Opportunity" id="{a837e4a7-01b8-4f82-a475-be9abd67e667}" />
      </MissingDependency>
      <MissingDependency>
        <Required type="60" displayName="Opportunities Dashboard" parentDisplayName="Opportunity" solution="msdynce_Sales (9.0.4.0076)" id="{f7e6d29b-1e3e-e711-80e1-00155d871bb4}" />
        <Dependent type="60" displayName="Opportunities Dashboard" parentDisplayName="Opportunity" id="{f7e6d29b-1e3e-e711-80e1-00155d871bb4}" />
      </MissingDependency>
      <MissingDependency>
        <Required type="61" schemaName="msdyn_/ActivityFeeds.Form.js" displayName="msdyn_/ActivityFeeds.Form.js" solution="ActivityFeedsCore (9.0.0.0009)" />
        <Dependent type="60" displayName="Information" parentDisplayName="Opportunity" id="{a2a56263-ec37-4991-a3b0-e7b37a71d818}" />
      </MissingDependency>
      <MissingDependency>
        <Required type="61" schemaName="msdyn_/ActivityFeeds.Form.js" displayName="msdyn_/ActivityFeeds.Form.js" solution="ActivityFeedsCore (9.0.0.0009)" />
        <Dependent type="60" displayName="Information" parentDisplayName="User" id="{c0d7d7dd-afd0-4675-85fe-1cc5a48be6df}" />
      </MissingDependency>
      <MissingDependency>
        <Required type="61" schemaName="msdyn_/Images/AppModule_Default_Icon.png" displayName="msdyn_/Images/AppModule_Default_Icon.png" solution="AppModuleWebResources (2.5)" />
        <Dependent type="80" schemaName="cr260_BusinessScenario1" displayName="Business Scenario 1" />
      </MissingDependency>
      <MissingDependency>
        <Required type="61" schemaName="msdyn_/RecordWall.htm" displayName="msdyn_/RecordWall.htm" solution="ActivityFeedsCore (9.0.0.0009)" />
        <Dependent type="60" displayName="Information" parentDisplayName="Opportunity" id="{a2a56263-ec37-4991-a3b0-e7b37a71d818}" />
      </MissingDependency>
      <MissingDependency>
        <Required type="61" schemaName="msdyn_/RecordWall.htm" displayName="msdyn_/RecordWall.htm" solution="ActivityFeedsCore (9.0.0.0009)" />
        <Dependent type="60" displayName="Information" parentDisplayName="User" id="{c0d7d7dd-afd0-4675-85fe-1cc5a48be6df}" />
      </MissingDependency>
      <MissingDependency>
        <Required type="61" schemaName="msdyn_capacityprofileSubgridActions.js" displayName="msdyn_capacityprofileSubgridActions.js" solution="OCBaseURBase (1.1.0.324)" />
        <Dependent type="60" displayName="User" parentDisplayName="User" id="{c2cd9e55-d4b4-4b55-9951-16ead79643e5}" />
      </MissingDependency>
      <MissingDependency>
        <Required type="61" schemaName="msdyn_OmnichannelBotEnabler/msdyn_BotUser.js" displayName="msdyn_OmnichannelBotEnabler/msdyn_BotUser.js" solution="msdyn_OmnichannelBotEnablerPatch (1.5.25.1)" />
        <Dependent type="60" displayName="User" parentDisplayName="User" id="{c2cd9e55-d4b4-4b55-9951-16ead79643e5}" />
      </MissingDependency>
      <MissingDependency>
        <Required type="61" schemaName="msdyn_userSettings.js" displayName="msdyn_userSettings.js" solution="OmnichannelBase (1.10.0.33)" />
        <Dependent type="60" displayName="User" parentDisplayName="User" id="{c2cd9e55-d4b4-4b55-9951-16ead79643e5}" />
      </MissingDependency>
      <MissingDependency>
        <Required type="61" schemaName="Sales/Opportunity/Opportunity_main_system_library.js" displayName="Sales/Opportunity/Opportunity_main_system_library.js" solution="msdynce_Sales (9.0.4.0076)" />
        <Dependent type="60" displayName="Information" parentDisplayName="Opportunity" id="{a2a56263-ec37-4991-a3b0-e7b37a71d818}" />
      </MissingDependency>
      <MissingDependency>
        <Required type="66" schemaName="MscrmControls.AcceleratedSales.CadenceWidgetControl" displayName="MscrmControls.AcceleratedSales.CadenceWidgetControl" solution="msdyn_acceleratedsales (9.1.23093.10009)" />
        <Dependent type="60" displayName="Opportunity" parentDisplayName="Opportunity" id="{a837e4a7-01b8-4f82-a475-be9abd67e667}" />
      </MissingDependency>
      <MissingDependency>
        <Required type="66" schemaName="MscrmControls.CardFeedContainer.CardFeedContainer" displayName="MscrmControls.CardFeedContainer.CardFeedContainer" solution="BaseCustomControlsCore (9.0.2310.2017)" />
        <Dependent type="60" displayName="Opportunity" parentDisplayName="Opportunity" id="{a837e4a7-01b8-4f82-a475-be9abd67e667}" />
      </MissingDependency>
      <MissingDependency>
        <Required type="66" schemaName="MscrmControls.Grid.GridControl" displayName="MscrmControls.Grid.GridControl" solution="BaseCustomControlsCore (9.0.2310.2017)" />
        <Dependent type="60" displayName="Opportunity" parentDisplayName="Opportunity" id="{a837e4a7-01b8-4f82-a475-be9abd67e667}" />
      </MissingDependency>
      <MissingDependency>
        <Required type="66" schemaName="MscrmControls.Grid.ReadOnlyGrid" displayName="MscrmControls.Grid.ReadOnlyGrid" solution="BaseCustomControlsCore (9.0.2310.2017)" />
        <Dependent type="60" displayName="Opportunity" parentDisplayName="Opportunity" id="{a837e4a7-01b8-4f82-a475-be9abd67e667}" />
      </MissingDependency>
    </MissingDependencies>
  </SolutionManifest>
</ImportExportXml>